CX-Tau,SZ50,DF-Tau,DG-Tau,BP-Tau,DR-Tau,GW-Lup,FT-Tau,V1094Sco,DN-Tau,CY-Tau,IM-Lup,AA-Tau,DL-Tau,RNO90,TW-Hya,DM-Tau,WX-Cha,LkCa15,SY-Cha,WA-Oph6,HK-Tau-B,RW-Aur,XX-Cha,SZ98,VW-Cha,wavelength
0.094564,0.135031714988155,1.2865566666666666,1.8647366666666667,0.31683333333333336,2.050333333333333,,0.16273666666666667,0.135167,0.2393966666666667,0.1747970775,0.28012802715728663,0.36118999999999996,0.7127866666666667,2.245803375,,0.029056666666666665,0.51126031,0.15504203,0.173040958332216,0.915681265,0.19419,1.00892,0.13823579749999998,0.353582,0.926323055,5.125
0.099114375,0.14635953953506914,1.1445725,1.9890512500000002,0.33040375000000005,1.9145725,,0.1719325,0.130255875,0.2285725,0.17013551250000003,0.2884505708373897,0.35399625,0.7368125000000001,2.0946685625,0.22400374285714286,0.02799,0.4424442624999999,0.15351426375,0.16571005312690062,0.8898664675,0.190915,0.9928925,0.13188187125,0.33794125,0.8786278687499999,5.375
0.098762625,0.14486653040175013,1.0541550000000002,2.01170625,0.31981125000000005,1.8817062500000001,,0.16308,0.12260737499999999,0.2269575,0.16503654625000003,0.28580542746506044,0.34905375,0.69250375,2.01820735,0.2156804875,0.026260000000000002,0.42462924874999997,0.14324736250000003,0.1596754656075575,0.87376573,0.18081624999999998,0.94914,0.1279396525,0.33855425,0.83430672,5.625
0.09891699999999999,0.14747578031048564,1.0753949999999999,2.1102575000000003,0.31747125,1.8924225,,0.1569575,0.123200125,0.22262,0.1597605025,0.29053997731660863,0.34553125000000007,0.7070862499999999,1.9592225625,0.21220775,0.02532375,0.42253442125,0.14069922375000002,0.16172375587877688,0.8613755287499999,0.17273375000000002,0.92802125,0.126168655,0.34446637500000005,0.8095278462500001,5.875
0.10022955555555556,0.1501687421842818,1.0378466666666666,2.1229133333333334,0.32105222222222224,1.842032222222222,,0.15421888888888888,0.1183231111111111,0.22323333333333334,0.15397322444444445,0.28959566596206915,0.34051444444444445,0.7194255555555555,1.894128,0.20494286666666667,0.02414777777777778,0.4062401455555556,0.13230970444444443,0.15893151727292001,0.8485547611111111,0.17035000000000003,0.9121822222222222,0.12382726555555555,0.3492153333333333,0.7760163766666667,6.125
0.10052812499999998,0.14774803415814816,0.9951162500000001,2.1610875,0.31935125,1.82222375,,0.15086125,0.11541525,0.222835,0.14950291375,0.28773517485762257,0.34131375,0.7134762499999999,1.8805828125,0.20077976250000001,0.022766250000000002,0.39696570375000007,0.12716879625000002,0.15702716199700936,0.8511761675,0.16578375000000004,0.92102125,0.12094053625000001,0.36385737500000004,0.7529046974999999,6.375
0.10413275,0.15140617104681187,1.01363,2.2967275,0.31588249999999995,1.8555775,,0.158985,0.113063375,0.2180375,0.15176737875000001,0.2877011392411333,0.3437475,0.71238625,1.8635378125,0.18723078750000002,0.02087625,0.39985847624999993,0.124937275,0.15403281257892462,0.8513207712499999,0.16113,0.987175,0.12378675374999999,0.3758855,0.74016654375,6.625
0.10482812500000001,0.1531307894960331,0.96477,2.34296375,0.3124125,1.81157875,,0.15383124999999997,0.107432,0.2183175,0.14577006374999998,0.29472411840377977,0.33783500000000005,0.7117062500000001,1.816117225,0.193489275,0.020388750000000004,0.37662426499999996,0.11883670874999999,0.15510314730710537,0.84202639375,0.1536175,0.95665,0.12229869749999998,0.37837237500000004,0.7181777025,6.875
0.10841511111111113,0.14939329899774267,0.9384266666666665,2.4031388888888885,0.3132522222222222,1.8037722222222223,,0.15334777777777775,0.10552122222222222,0.21930222222222223,0.1410417922222222,0.29424734920904805,0.3328544444444444,0.7293700000000001,1.7891436222222221,0.19199525555555555,0.019912222222222227,0.36837881555555557,0.1158215411111111,0.1569099410693549,0.8453727944444444,0.15735777777777782,0.9685888888888888,0.1189185688888889,0.3860253333333334,0.6908545855555556,7.125
0.108156875,0.1500365148416279,0.9079775,2.48021,0.3135125,1.7921375000000002,,0.14938875,0.10641933333333332,0.22353,0.13784918375,0.2985143752316747,0.33788749999999995,0.7262637500000001,1.770989925,0.198610425,0.019035,0.36625087125,0.108467905,0.15921898605100687,0.8500867,0.15753750000000002,0.9787925000000001,0.11918696874999998,0.38955324999999996,0.6939686599999999,7.375
0.108591,0.15889439915004033,0.8678124999999999,2.516574,0.306574,1.807038,0.09900732902738434,0.15435400000000002,0.102392,0.23197599999999996,0.13714558799999998,0.29835528076564494,0.34499399999999997,0.733592,1.7397454599999995,0.1879357,0.0184325,0.358837042,0.110020168,0.163096504551805,0.85757286,0.158096,0.9844820000000001,0.11901286600000001,0.3928413333333333,0.689978148,7.625
0.11541779999999999,0.1653868577301908,0.885046,2.527458,0.311122,1.857548,0.10406303388868439,0.158898,0.10231900000000001,0.24086600000000002,0.13060038999999998,0.30622521488987786,0.35204199999999997,0.737804,1.75019846,0.18824086,0.017492,0.381711388,0.10974547800000001,0.162211349467066,0.8654564600000001,0.152542,1.048968,0.120265456,0.41867040000000005,0.700523828,7.875
0.13072224999999998,0.17144018332698724,0.9129575,2.5540025,0.34467499999999995,1.9340600000000001,0.1143827631137895,0.1735425,0.11083525,0.24866749999999999,0.1335449275,0.33881798678856545,0.36784249999999996,0.7521575,1.860347475,0.23030202500000002,0.019719999999999998,0.4239406625,0.118317955,0.17155597045378673,0.9118122675,0.16209500000000002,1.0824225,0.1318250425,0.47823925,0.757186985,8.125
0.14910374999999998,0.18601079635705475,0.935345,2.572025,0.39200250000000003,2.0072574999999997,0.12572684775874376,0.1918225,0.11919975,0.261015,0.1342944425,0.380184189817115,0.3881975,0.77065,1.9780871500000001,0.27059435,0.0218775,0.461121285,0.137313455,0.19184869842653376,0.96348631,0.17014250000000003,1.1294475,0.14400369,0.5533794999999999,0.815349115,8.375
0.16008450000000002,0.18973254516367977,0.9519225,2.606915,0.4356925,2.06618,0.134295696354328,0.20798,0.11690575,0.2747625,0.1339370325,0.41773030272030093,0.4102275,0.79662,2.063278825,0.305738475,0.024675000000000002,0.4876552825,0.15849353,0.20412760731552698,1.0016928625000001,0.17720249999999999,1.2013975,0.1549979775,0.62697975,0.8684092299999999,8.625
0.17321450000000002,0.19325868409681776,0.9570299999999999,2.6701725,0.49344750000000004,2.1616725,0.14522590342317776,0.23035250000000002,0.12538875,0.28555,0.13884363,0.4644251360149237,0.44430749999999997,0.826945,2.210978625,0.37176614999999996,0.028650000000000002,0.5320801024999999,0.196425175,0.22130592302044375,1.03581295,0.1908525,1.2936875,0.164918385,0.7167485,0.94056582,8.875
0.18946125,0.20438135053103798,0.9921424999999999,2.722345,0.564775,2.3057550000000004,0.15807833441749775,0.25421250000000006,0.133636,0.30545750000000005,0.14253492499999998,0.5291357596907291,0.48202750000000005,0.8519025,2.3904127749999997,0.47113235,0.03357,0.5741711825,0.25056602250000004,0.24805977758399778,1.055574875,0.20878000000000002,1.41319,0.1816316225,0.82360675,1.0417318,9.125
0.1991735,0.206863634664371,1.0031999999999999,2.82362,0.6254824999999999,2.448315,0.1642470971832245,0.27312000000000003,0.1318425,0.313445,0.1433655375,0.5720306011370125,0.5099849999999999,0.8554225,2.554222225,0.547876275,0.0384425,0.5961839575,0.30244543,0.2711163583760705,1.0677832,0.2217375,1.507985,0.1872254625,0.9350725,1.121659875,9.375
0.20402074999999997,0.20755007564520722,0.9993325000000001,2.9021125,0.633925,2.534045,0.16440537420581874,0.28091750000000004,0.1272885,0.311895,0.1405104975,0.5766545563521516,0.5238524999999999,0.848855,2.671992975,0.5995042,0.043684999999999995,0.6013162975,0.34212756499999997,0.28623133833987524,1.043930125,0.22120499999999998,1.5566900000000001,0.17942885,1.0001845,1.1457896250000001,9.625
0.20584360000000004,0.2109318555239546,0.994158,2.993462,0.649128,2.56543,0.1663306963198168,0.28837,0.12042160000000002,0.31776442065707144,0.13513706399999997,0.6077966064371003,0.5246920000000002,0.858206,2.9107172541636612,0.6483981,0.048324000000000006,0.604370666,0.355553984,0.292496211821399,1.0700967671066606,0.23100800000000002,1.582774,0.17899109200000002,1.0348973999999997,1.2934042675050166,9.875
0.20856375,0.2135549677419355,0.9673125,3.117025,0.6472074999999999,2.5692225000000004,0.1667206451612903,0.2919725,0.11929475,0.32020256319923307,0.13518580000000002,0.6065125000000001,0.5218,0.867235,2.917338855798416,0.6805110249999999,0.052095,0.6062655750000001,0.3491332625,0.28836454838709674,1.0535819498180887,0.23678,1.5743624999999999,0.17939432500000002,1.03450525,1.2728570856831622,10.125
0.20940975,0.21443977419354845,0.9505325,3.2048625000000004,0.63184,2.540365,0.16636703225806454,0.28813500000000003,0.11966375,0.3186411469347449,0.13325458,0.6107340625000001,0.5168825,0.8736200000000001,2.8275405473462802,0.697460825,0.05405750000000001,0.5951521350000001,0.32750323000000003,0.2873107741935484,1.0816411909667651,0.2482525,1.53817,0.177736205,1.00908175,1.2135546345194783,10.375
0.20978075,0.2189771034482759,0.95155,3.27391,0.6152150000000001,2.5130275,0.16627958620689656,0.28185000000000004,0.121129,0.32254781089465845,0.13180992000000002,0.6077259999999999,0.5106475,0.88435,2.735305979291808,0.698926975,0.056167499999999995,0.5864937699999999,0.3063000575,0.284174724137931,1.091388597789899,0.255615,1.5125,0.17933426,0.981735,1.1786188036743186,10.625
0.20676575,0.2186369333333333,0.948055,3.3658125,0.5959325,2.4645775,0.1680022,0.2844725,0.12208875,0.3294664302799481,0.13009526750000003,0.6051086666666665,0.501345,0.9071125,2.728522269919317,0.6973315250000001,0.0578675,0.581654535,0.28433678,0.2848465666666667,1.0994660790976891,0.2499425,1.4930975000000002,0.17824474,0.9484135,1.1871354607140392,10.875
0.20413625000000002,0.2210429642857143,0.936365,3.4329725,0.5798874999999999,2.4110175,0.1650955714285714,0.28645750000000003,0.1204225,0.33164358969123736,0.12769091249999998,0.601919655172414,0.4896775,0.913855,2.643365551594224,0.689354175,0.0589475,0.5714920125,0.26285957249999997,0.2864021428571428,1.1216760275609232,0.255325,1.4786150000000002,0.1778841325,0.915694,1.1891634201577137,11.125
0.19900874999999998,0.2196262857142857,0.9081524999999999,3.54286,0.5565825,2.3788875000000003,0.16430192857142858,0.27822,0.116544,0.3302331382217824,0.12930846000000001,0.5836793103448275,0.4802125,0.9071775,2.5833234747729388,0.667905125,0.0586475,0.5529016449999999,0.2369395275,0.26831507142857147,1.12212339619727,0.2587575,1.4246750000000001,0.1761739275,0.87779925,1.1399241756439804,11.375
0.19083239999999996,0.21352381481481483,0.8587899999999999,3.560082,0.5128600000000001,2.313084,0.15746829629629633,0.26015,0.1097496,0.3264987238058839,0.122308328,0.557700357142857,0.45740800000000004,0.873992,2.440920660990894,0.6111552400000001,0.056164000000000006,0.5058278979999999,0.203964854,0.24055037037037041,1.0890224536616218,0.24544000000000002,1.345354,0.169435964,0.816381,1.0344290002353493,11.625
0.179193,0.20784588461538464,0.8066525,3.5748450000000003,0.46659500000000004,2.19263,0.14844419230769226,0.23684,0.105787,0.3175189995822024,0.11614290000000001,0.5170159259259259,0.42242749999999996,0.8460350000000001,2.281325891824938,0.5587713999999999,0.0538475,0.455308005,0.1764028925,0.22268515384615387,1.0378029051058997,0.2290175,1.2608000000000001,0.15473081,0.7602175000000001,0.9523597660263136,11.875
0.1717205,0.1966753333333333,0.77985,3.6235575000000004,0.436285,2.136175,0.14310555555555554,0.23008499999999998,0.10180025000000001,0.31092681929612526,0.11580312,0.4832425925925927,0.40288250000000003,0.84353,2.18026375348913,0.518252525,0.0517925,0.4323131675,0.156435645,0.2046132592592593,0.9944056931739729,0.21363749999999998,1.2177975,0.14934535499999999,0.7296815000000001,0.8885836656373217,12.125
0.17060875,0.1935481923076923,0.781465,3.66465,0.4312375,2.1037475,0.1442145,0.22176,0.0993705,0.3106106565229606,0.114564795,0.48140692307692307,0.39593,0.8551925,2.1455931303792046,0.5077552750000001,0.050769999999999996,0.414035365,0.14030368000000001,0.1979386923076923,0.9976298135317846,0.21791249999999998,1.2299900000000001,0.1505513,0.7074362499999999,0.8861339037404528,12.375
0.17413774999999998,0.19608366666666668,0.780475,3.77814,0.43029750000000005,2.0692850000000003,0.14556083333333333,0.22280499999999998,0.09709475000000001,0.3203686879066937,0.11252091750000001,0.48418076923076925,0.38930000000000003,0.8554749999999999,2.099059344734098,0.501338125,0.05051749999999999,0.3943592975,0.13742822,0.19627291666666666,1.0174527048586863,0.2219275,1.217465,0.15164373,0.690782,0.87517929561572,12.625
0.16731575,0.19163148,0.76376,3.8673225,0.41895000000000004,2.0393825,0.14362767999999998,0.21859499999999998,0.0976265,0.3151225271984127,0.111641025,0.47576280000000004,0.38473500000000005,0.84491,2.0712251445799232,0.5192836999999999,0.052825,0.3795609725,0.132787235,0.19431636000000002,0.9842309005251637,0.22075,1.1973625,0.14901668,0.68645025,0.8442158204526767,12.875
0.16670675000000001,0.18760673076923076,0.750335,3.8767625,0.41414750000000006,2.0352775000000003,0.14473257692307692,0.21766,0.097212,0.3136457196970249,0.10863125000000001,0.4715420000000001,0.3794175,0.8444625,2.0862932074062233,0.5236653,0.05365,0.37453571499999994,0.13021458,0.19322907692307686,0.9752525665933176,0.22010500000000002,1.20891,0.14579461250000003,0.6903974999999999,0.8323246566140705,13.125
0.16950475,0.1917669130434783,0.7547550000000001,3.9377999999999997,0.41464500000000004,2.0532775,0.14768934782608698,0.22239750000000003,0.0948475,0.31997227352948543,0.108640455,0.48008,0.37629,0.848955,2.10810740004782,0.5369766499999999,0.056855,0.37221580249999997,0.13294236499999998,0.1999740434782609,0.9802729381467676,0.2252725,1.22805,0.1433374375,0.69665925,0.8429400796964818,13.375
0.173164,0.19320199999999998,0.7893239999999999,4.037710000000001,0.4197620000000001,2.063726,0.15320279166666664,0.22744199999999998,0.0937178,0.32047841573677927,0.10943778,0.49764913043478254,0.38139599999999996,0.878266,2.14780734061133,0.56734472,0.061168,0.37472283999999995,0.13685158400000003,0.20313666666666666,0.9986182883285712,0.23594600000000004,1.257758,0.148589048,0.7095834,0.8326743334281967,13.625
0.18098625,0.1979528260869565,0.8112275,4.1805475,0.43091749999999995,2.1158425000000003,0.1589391304347826,0.2362325,0.09412625,0.3259889401919263,0.11163735999999999,0.5076675,0.398445,0.880145,2.226880921959314,0.5930109,0.06684,0.382144045,0.13928837,0.20661156521739127,1.0113038451623593,0.24658999999999998,1.2872025,0.150253385,0.72637875,0.850231339365228,13.875
0.19222999999999998,0.19909965217391304,0.7580375,4.248302499999999,,2.1393025,0.15956786956521737,0.25427,0.09747099999999999,0.3348602637558943,0.12000745,0.5108582608695651,0.43723500000000004,0.8695925,2.250801966232494,0.6138180499999999,0.07633999999999999,0.41333394,0.15356613666666666,0.20889643478260872,1.0242924390795425,0.265525,1.27517,0.16345372,0.7883663333333334,0.8716534667527539,14.125
0.19701099999999996,0.20382572727272733,0.7400333333333333,4.296083333333335,0.4589366666666667,2.136013333333333,0.16141363636363637,0.24908666666666665,0.09802333333333334,0.34051804259617663,0.11757513666666668,0.524655,0.43130333333333337,0.8533066666666667,2.2491677449938106,,0.08190666666666667,0.41655793999999996,0.1567592933333333,0.2190951363636363,1.0394089437127882,0.26738333333333336,1.3011533333333334,0.17151188333333334,0.796015,0.8847990576432946,14.375
0.20537333333333332,0.20532236363636364,0.7379566666666667,4.422046666666667,0.45992000000000005,2.15076,0.16540054545454544,0.24408333333333335,0.09549733333333332,0.34291800955974466,0.11434317999999999,0.5359891304347827,0.41334666666666675,0.8631366666666667,2.29482421494881,,0.08428666666666666,0.41302131333333336,0.16325454333333334,0.22249536363636366,1.0618446499353758,0.26942333333333335,1.3177933333333332,0.1688002266666667,0.8077483333333334,0.8983377842721959,14.625
0.2121605,0.2134547727272727,0.7468466666666668,4.524986666666666,0.46348000000000006,2.192043333333334,0.17558695454545453,0.25176,0.10241800000000001,0.35338000334976966,0.11824484,0.5503309523809523,0.42102,0.8616633333333333,2.3536511792475645,,0.095635,0.428052105,0.16564173,0.23063240909090907,1.0982432510241622,0.27664500000000003,1.3399999999999999,0.172501775,0.834349,0.9195274890425755,14.875
0.21976166666666666,0.2127780909090909,0.7166075,4.55007,0.45795666666666673,2.1865825,0.17460186363636365,0.24353,0.10524299999999999,0.3635138271709895,0.12016846666666665,0.562625909090909,0.41545666666666664,0.8845325,2.3605551100562274,,0.09871,0.42004056666666667,0.1807370266666667,0.23808086363636366,1.091944882894091,0.28134333333333333,1.3232675,0.17988887333333334,0.8483986666666666,0.9311691761985881,15.125
0.23124866666666666,0.2223547,0.7290466666666667,4.715789999999999,0.46649999999999997,2.2531666666666665,0.1782765,0.24916333333333332,0.10640566666666666,0.37313470109560715,0.12028869666666668,0.5885080952380951,0.43218,0.8724566666666668,2.4498094198289473,,0.10966000000000002,0.431186,0.1927371666666667,0.25085585,1.1395524034230815,0.3027666666666667,1.36918,0.18834883000000002,0.876292,0.977705638921956,15.375
0.23866133333333336,0.22886095,0.7393866666666667,4.88826,0.48228333333333334,2.35595,0.18469585,0.25501666666666667,0.10626200000000001,0.38305786722866986,0.12111670666666667,0.6021266666666667,0.43706333333333336,0.8830333333333334,2.5945305004100256,,0.11782999999999999,0.44830444333333325,0.20245118000000004,0.26773199999999997,1.1535267334664783,0.3186966666666667,1.4225366666666666,0.19400676333333333,0.912913,1.0448468934990292,15.625
0.247981,0.2364177142857142,0.7516533333333332,5.192270000000001,0.4926433333333333,2.4355233333333337,0.19258761904761906,0.2599633333333333,0.10636833333333333,0.38906941141487483,0.11741358333333334,0.6253265,0.44326333333333334,0.8908266666666668,2.6653716924547575,,0.12696333333333334,0.45547963666666663,0.2261996833333333,0.28132666666666667,1.1799545499816857,0.3363433333333334,1.4707666666666668,0.19660914666666665,0.9402646666666666,1.0766692298839617,15.875
0.2647953333333333,0.24382399999999999,0.7549,5.343763333333334,0.5171433333333334,2.500766666666667,0.19969915,0.2698833333333333,0.11061700000000001,0.40723233230189315,0.11759237666666666,0.6484133333333333,0.46083,0.9440933333333333,2.828949985333638,,0.14066333333333333,0.46264074666666666,0.24586791666666663,0.29861600000000005,1.1969237255621687,0.37245666666666666,1.4886833333333334,0.20733546,0.9815126666666667,1.16756944177187,16.125
0.2691953333333333,0.2485332380952381,0.7520100000000001,5.383065,0.5274766666666667,2.47338,0.2026245238095238,0.2808,0.10586233333333334,0.40222748360965666,0.11571084333333333,0.6606852631578949,0.4612433333333333,0.911095,2.8559248172127414,,0.15214666666666665,0.4661847266666667,0.2623021266666667,0.31076880952380953,1.2108830604601726,0.40415,1.509185,0.20366927999999998,1.0064233333333334,1.1546146601701366,16.375
0.27146966666666666,0.258418,0.7538,5.432966666666666,0.5429466666666666,2.5805366666666667,0.20088015789473684,0.2937266666666667,0.10908533333333333,0.4046553245223249,0.11689506666666667,0.67363,0.48738666666666663,0.9061066666666666,2.9412028220382025,,0.16029333333333332,0.4704908333333333,0.2794532066666667,0.3203683684210526,1.2181921394928987,0.41913,1.5453233333333334,0.20793989333333332,1.0297046666666667,1.1735844651522975,16.625
0.26845833333333335,0.26444057894736844,0.7546900000000001,5.63836,0.5727433333333334,2.6617200000000003,0.2037441052631579,0.2898800000000001,0.10954733333333334,0.41313454315838344,0.11666553333333333,0.6885557894736841,0.48990666666666666,0.9083466666666666,3.008567323237526,,0.16779333333333332,0.47542079333333337,0.2942181333333333,0.3333493157894737,1.2318986786281687,0.44805333333333336,1.6000266666666667,0.20847045666666666,1.0430993333333334,1.1987335839128108,16.875
0.2855396666666667,0.26972457894736845,0.76357,5.829066666666667,0.5924966666666667,2.707456666666667,0.21028047368421054,0.3018733333333334,0.11330333333333333,0.41944571652356494,0.12132133333333334,0.707164210526316,0.5130433333333333,0.9338333333333333,3.0655517288047247,,0.17732333333333336,0.4800613166666667,0.30617092333333334,0.34580052631578945,1.2537212230576038,0.48385666666666666,1.6381499999999998,0.21289127333333335,1.0530453333333334,1.229946926825071,17.125
0.29890133333333335,0.2770888947368421,0.7903149999999999,6.05567,0.6264933333333333,2.79439,0.21203473684210528,0.31126000000000004,0.10756266666666668,0.43182840589624627,0.12183249,0.7237473684210527,0.5198366666666667,0.9373450000000001,3.159210991651645,,0.18126,0.4847247366666667,0.32562711333333333,0.35422899999999996,1.289792904396345,0.50966,1.677005,0.22172523333333335,1.0815573333333333,1.2675890060505142,17.375
0.30245000000000005,0.2857781578947368,0.79068,6.255236666666666,0.6470233333333334,2.819933333333333,0.21950036842105267,0.31547333333333333,0.11862299999999999,0.43562464910256493,0.11966505000000001,0.7482511111111112,0.53064,0.9793599999999999,3.1757863335200884,,0.19566333333333333,0.4965552533333333,0.3473193966666666,0.36986431578947365,1.3247267856896934,0.54144,1.6994633333333333,0.23030749999999997,1.1087193333333334,1.2897492484416124,17.625
0.30562833333333334,0.292950947368421,0.7984133333333333,6.3100966666666665,0.6530266666666668,2.8546266666666664,0.22203257894736844,0.3105466666666667,0.11657633333333334,0.4528783104792592,0.12417592,0.7673927777777778,0.51243,1.00769,3.264228728540122,,0.21326666666666663,0.5062133266666667,0.36012938,0.3790971052631579,1.3519696890188442,0.54766,1.7521333333333333,0.24004389666666667,1.1141896666666666,1.3585682810403563,17.875
0.31209566666666666,0.306108,0.8142149999999999,6.50583,0.6795733333333333,2.909085,0.22411176470588234,0.3318666666666667,0.12412,0.463376944951457,0.12587773333333332,0.7868472222222223,0.5342366666666666,1.006865,3.325011723395646,,0.21915000000000004,0.5056669366666666,0.3748870233333334,0.3963394705882353,1.3827182933313789,0.5960633333333333,1.7882900000000002,0.24469021,1.1263483333333335,1.4022874955082048,18.125
0.31787566666666667,0.3127402941176471,0.8305766666666666,6.764683333333334,0.7170933333333332,2.9441399999999995,0.23000082352941179,0.33404666666666666,0.119479,0.4711258334698923,0.12574283,0.8076055555555558,0.5554766666666667,1.03017,3.3774433138425914,,0.2300566666666667,0.5098100233333333,0.37846908000000007,0.40506705882352945,1.4251046707685084,0.6282066666666667,1.8027966666666666,0.2512897233333333,1.1385703333333335,1.4462426457665023,18.375
0.33422766666666676,0.3194197222222222,0.84748,6.9732650000000005,0.73996,2.9799800000000003,0.23247255555555554,0.35318333333333335,0.12525933333333333,0.48411875603260757,0.12787850666666667,0.8259244444444445,0.5620833333333333,1.04408,3.4754122088683035,,0.23840333333333333,0.5129921299999999,0.3928516766666667,0.41091838888888893,1.4643379370660141,0.6619966666666667,1.860715,0.2591352966666667,1.1555723333333334,1.5075422016001232,18.625
0.3376056666666667,0.327306705882353,0.8675866666666666,7.17005,0.7645766666666667,3.048773333333333,0.2401804705882353,0.34790666666666664,0.13078233333333333,0.4921724243918919,0.13045579333333335,0.8343882352941175,0.5707466666666667,1.0610066666666667,3.5297381916643116,,0.24852666666666667,0.5315403533333334,0.39375058,0.41804105882352943,1.4766776311292138,0.6850066666666667,1.8762233333333331,0.26690546,1.1516006666666667,1.5533647556069352,18.875
0.3430043333333333,0.3312653333333333,0.8963650000000001,7.314985,0.7598833333333332,3.0769450000000003,0.24325777777777777,0.3441533333333333,0.13009800000000002,0.4970319371326441,0.127436,0.8503347058823529,0.5824366666666666,1.13111,3.543167045901415,,0.2543566666666667,0.5150295133333334,0.40085578666666666,0.42258705555555554,1.5038849258373852,0.7064666666666666,1.90321,0.26797302666666667,1.1532533333333335,1.5658438931263583,19.125
0.35743733333333333,0.3343253571428571,0.89498,7.507834999999999,0.7589666666666667,3.12391,0.24568764285714287,0.35747999999999996,0.137512,0.5095831967419074,0.13272522333333334,0.856826875,0.5793666666666667,1.12822,3.6783569470782767,,0.2581866666666666,0.5168792600000001,0.40550507999999996,0.4250648571428571,1.5336091458223862,0.7323433333333335,1.928125,0.27225647,1.1443503333333334,1.6272057876626955,19.375
0.3649483333333334,0.37164686666666663,0.8771133333333333,7.641659999999999,0.74338,3.110023333333334,0.2594555333333333,0.34236333333333335,0.136479,0.5226884648247725,0.13219546000000001,0.8180700000000001,0.5641833333333333,1.07778,3.6931922352177473,,0.2701933333333333,0.5133863366666667,0.40378909,0.4539769333333333,1.5299584344245218,0.7213333333333334,1.9004033333333332,0.2817787033333334,1.1480853333333334,1.7503827271743437,19.625
0.35897200000000007,0.38446862499999995,0.89165,7.616785,0.7553899999999999,3.1121,0.261386625,0.35142999999999996,0.132291,0.5060996931384916,0.13015775,0.8296640000000001,0.5750700000000001,1.0750250000000001,3.755119273769218,,0.2798333333333333,0.5027101066666666,0.4076875066666667,0.45201825000000007,1.5572256169951975,0.7381033333333332,1.915345,0.27350691,1.1339586666666668,1.7404561389444995,19.875
0.35443199999999997,0.37939226666666664,0.8955249999999999,7.700085,0.730645,3.094125,0.26192879999999996,0.34985,0.1173145,0.5168997803203585,0.13264692,0.8164613333333334,0.5718399999999999,1.0696750000000002,3.698230310703359,,0.28236,0.495530585,0.41559198,0.4410148,1.5174099200430304,0.717435,1.8896899999999999,0.27785792,1.1420465000000002,1.7748049525587135,20.125
0.35877200000000004,0.3880577333333333,0.8685450000000001,7.821914999999999,0.72892,3.15007,0.26380033333333336,0.35377,0.13034633333333331,0.5221155959048054,0.13180833333333333,0.8523219999999999,0.5600466666666667,1.089305,3.7689235917865753,,0.2895366666666667,0.49440193,0.41834342666666663,0.4518678,1.5142028077169003,0.7317066666666667,1.9101750000000002,0.25857439,1.147388,1.7390283367901167,20.375
0.3566405,0.3871038666666667,0.9098299999999999,7.9956949999999996,0.7323533333333333,3.15613,0.25959107142857135,0.35251,0.1323915,0.5296808246928494,0.13070443,0.7949185714285714,0.5714733333333334,1.104865,3.645999913409717,,0.29783,0.47953206,0.41134296,0.4600227333333334,1.5129573710179898,0.7501000000000001,1.92874,0.26473135,1.1007835,1.7478476032443224,20.625
0.3721065,0.39339933333333327,0.8771833333333333,8.19926,0.74393,3.1752966666666667,0.2609774666666667,0.3561,0.1320125,0.5403365342293783,0.131451965,0.8177021428571429,0.5961,1.10496,3.730543341238577,,0.29743,0.481432595,0.42254874,0.4556276666666667,1.540235042268421,0.8142199999999999,1.9221899999999998,0.282756275,1.1202800000000002,1.848194867216178,20.875
0.358455,0.3987932142857143,0.886215,8.348775,0.7284550000000001,3.219215,0.2702907142857143,0.32943,0.137212,0.5187786076415685,0.13060039,0.8568259999999999,0.572255,1.1111199999999999,3.7573155274401957,,0.31777500000000003,0.48892158,0.42034527,0.45738899999999993,1.5566838829539722,0.75108,1.981735,0.27327417,1.109588,1.8496009730991974,21.125
0.36956100000000003,0.40655350000000007,0.89096,8.424254999999999,0.73942,3.25831,0.2620066428571429,0.37033,0.13370350000000003,0.524825260635256,0.12695340500000002,0.8358035714285715,0.58218,1.119515,3.8562918319213,,0.31424,0.48389041,0.43483131,0.45778064285714287,1.5442153081914929,0.8053899999999999,1.973585,0.278662275,1.121056,1.8399794133511322,21.375
0.360978,0.40529440000000005,0.8759349999999999,8.39852,0.73518,3.24004,0.2626104,0.33934,0.134188,0.5186399305158068,0.12709057,0.8427257142857142,0.58492,1.1093,3.823029995626825,,0.324405,0.48786636,0.43357399999999996,0.4486763333333333,1.5330291939138332,0.7639499999999999,1.949205,0.27165511,1.115,1.8744594090505369,21.625
0.360606,0.41028526666666665,0.8659350000000001,8.354,0.73439,3.262695,0.26304720000000004,0.34325,0.1308645,0.5273442058976756,0.12930379,0.8409207692307693,0.5728,1.08263,3.8850244107378504,,0.3382,0.48109405499999996,0.43401557,0.45705853333333335,1.5570375986512666,0.79075,1.9486,0.28052802499999996,1.1204990000000001,1.8122439601280493,21.875
0.351907,0.4040284615384616,0.8467049999999999,8.44502,0.714815,3.21297,0.2604525384615385,0.35286,0.128505,0.5275838859029999,0.12644534,0.831647857142857,0.57555,1.0877700000000001,3.761246574741171,,0.33193,0.48827557,0.43833698,0.45625738461538456,1.5288984927432752,0.81446,1.90901,0.27522954,1.1176549999999998,1.7747730777896724,22.125
0.3617975,0.41604685714285716,0.850265,8.6678,0.69302,3.250965,0.26278300000000004,0.3181,0.128942,0.5276591893158037,0.120712335,0.8235146153846155,0.56329,1.121345,3.8093126398489088,,0.33813000000000004,0.47728604500000005,0.43974677,0.4590729285714286,1.5266369495227334,0.75464,1.938075,0.279799575,1.121132,1.8941379580839244,22.375
0.357794,0.4230362307692307,0.859915,8.766759999999998,0.70078,3.27137,0.2644963846153846,0.34509,0.131697,0.5332015204981685,0.12724231,0.8756046153846153,0.56165,1.12649,3.8808680976109136,,0.338545,0.46959636,0.44355866,0.46544161538461537,1.5253854439830694,0.80114,1.94022,0.27563135,1.094957,1.8958903492325443,22.625
0.3634885,0.4215206153846154,0.880595,8.908315,0.72217,3.285565,0.2575906428571429,0.35452,0.1317755,0.5351860881544624,0.12904004000000002,0.8765378571428569,0.57314,1.143185,3.8983913103953545,,0.34158,0.47607527,0.452580705,0.4642043571428571,1.543087043835347,0.8513700000000001,1.95545,0.271069895,1.119503,1.8957056836749955,22.875
0.361616,0.4303711538461539,0.87099,8.9988,0.72233,3.286815,0.2577756153846154,0.32592,0.13739400000000002,0.5464979516732513,0.13055609,0.8811923076923076,0.5677300000000001,1.1170749999999998,3.9881292870506053,,0.347425,0.46939335,0.46224236,0.45928192307692317,1.5613186386364601,0.8033250000000001,1.96221,0.28424615,1.110555,1.980887810278165,23.125
0.36245600000000006,0.4270526428571429,0.83551,9.015559999999999,0.71118,3.2352,0.25304057142857145,0.34546,0.126998,0.5361762204565292,0.12743948500000002,0.8945549999999999,0.56563,1.095145,3.934622823102199,,0.34566,0.47946004,0.46211210999999996,0.45485764285714286,1.555845833262768,0.8359200000000001,1.89105,0.275960895,1.1009475,1.9376472882552525,23.375
0.361247,0.42640621428571424,0.85443,9.174634999999999,0.71765,3.295985,0.2587878571428572,0.364085,0.132995,0.5577934635938313,0.12762845,0.9031053846153845,0.581205,1.108065,4.104786721668636,,0.355095,0.47666588,0.45889153,0.4576044285714286,1.6071369719753077,0.8880650000000001,1.947155,0.27413856,1.112682,2.0145596816820044,23.625
0.36875,0.4362887000000001,0.8750499999999999,9.2332,0.7157,3.3735999999999997,0.2620756,0.34405,0.1346895,0.5622763833343497,0.124384435,0.9033749999999999,0.5914699999999999,1.114415,4.246553921833931,,0.35247,0.469471285,0.46048022,0.46394959999999996,1.5957306050660722,0.8411799999999999,1.997675,0.27692711000000003,1.0996945,2.112651321544441,23.875
0.370893,0.43338046153846155,0.87989,9.29179,0.6914450000000001,3.34683,0.25343207692307695,0.34338500000000005,0.134073,0.5569727281118052,0.12375746,0.9394050000000002,0.5695399999999999,1.13477,3.950684029723343,,0.35434,0.45927082,0.45807638,0.4539827692307693,1.5397342182569986,0.85616,1.9441,0.27568004,1.094108,2.024793141185907,24.125
0.367751,0.43153550000000007,0.846265,9.245905,0.69765,3.2733499999999998,0.2426993076923077,0.358,0.14024999999999999,0.5528248009819602,0.12058303000000001,0.8546649999999999,0.5747899999999999,1.11132,3.8866242807953078,,0.34665,0.46338145,0.46270028,0.4461119230769231,1.5062327065175143,0.8987,1.9111349999999998,0.272875,1.0769549999999999,1.9478167458190556,24.375
0.371747,0.4368396923076923,0.849965,9.270534999999999,0.693995,3.299055,0.24656630769230772,0.34157499999999996,0.134378,0.5538019524100105,0.11816904,0.8523346153846153,0.574255,1.095315,3.849246275092987,,0.36811,0.44855317,0.46025251,0.4444933846153847,1.530869387351046,0.87066,1.9053149999999999,0.27023521,1.074815,1.951163145850444,24.625
0.368805,0.4323584166666667,0.7983149999999999,9.247630000000001,0.69676,3.2732400000000004,0.2460538333333334,0.34556,0.1330575,0.5528331919336726,0.11819939,0.8595983333333334,0.5816100000000001,1.07165,3.9248674732289857,,0.36234,0.448787245,0.464624465,0.4374038333333334,1.5334905286727907,0.86479,1.867345,0.269698305,1.083662,1.9230434878219596,24.875
0.370796,0.43377869230769234,0.846375,9.438915000000001,0.695685,3.41845,0.2491054615384615,0.35329,0.135346,0.5511624602149309,0.12267439999999999,0.875663076923077,0.603935,1.115415,4.210844703608869,,0.366755,0.45723443,0.45717250000000004,0.44961292307692297,1.558779175939472,0.901555,2.000505,0.27262568,1.090223,2.108962723614814,25.125
0.371384,0.44207190909090915,0.8243,9.38177,0.6846399999999999,3.38587,0.24898963636363636,0.34237,0.125094,0.5484468431152713,0.11915631,0.853669090909091,0.58463,1.14057,3.9591704365919993,,0.35746999999999995,0.44814916,0.46979385,0.4409049090909092,1.5146912512113646,0.88946,1.93976,0.27487242,1.0793469999999998,1.9691230900163768,25.375
0.3655075,0.4296676363636363,0.827025,9.44832,0.67118,3.341805,0.25155290909090905,0.33206,0.129653,0.5443573983761493,0.11976861999999999,0.8468483333333333,0.57591,1.118325,3.902732197466437,,0.35837,0.43694718499999996,0.45956639499999996,0.43551890909090907,1.5067168155014385,0.87887,1.9032550000000001,0.2743236,1.0663524999999998,1.927734469456887,25.625
0.363828,0.43737723076923085,0.8184799999999999,9.586485,0.663095,3.3321050000000003,0.2531191538461538,0.33806500000000006,0.136503,0.5490870981580562,0.11964347,0.8569833333333333,0.57991,1.1173000000000002,3.899667841923103,,0.36632,0.41783533,0.47218129,0.44112369230769227,1.513406587382011,0.887705,1.95568,0.26655609,1.048747,1.9187825811957797,25.875
0.3674095,0.4357946666666666,0.80656,9.43578,0.65866,3.29797,0.2478964166666667,0.35383000000000003,0.13508900000000001,0.5443266315532038,0.12090139999999999,0.8435272727272728,0.5799300000000001,1.08149,3.9024828635461075,,0.36815,0.42455619,0.473448335,0.42924141666666665,1.5059254349267839,0.91192,1.86298,0.273302885,1.06631,1.8906945389784227,26.125
0.367705,0.4403679166666667,0.77462,9.40274,0.65636,3.274755,0.23752958333333338,0.34789000000000003,0.136059,0.5464327604330239,0.12048603,0.8709125000000001,0.57834,1.0723799999999999,3.8480188651438265,,0.37248000000000003,0.42078386,0.47454908,0.42449016666666667,1.4871082078051465,0.9226650000000001,1.8337599999999998,0.2735166,1.064366,1.8935042487333693,26.375
0.3678425,0.45008000000000004,0.79505,9.44631,0.66528,3.39061,0.23772707692307693,0.33369,0.139822,0.5574683875624546,0.1224541,0.8839927272727273,0.5831,1.06772,4.094067458544643,,0.37256,0.42829353000000003,0.474596805,0.4311299230769231,1.5058600183873465,0.90206,1.92015,0.27224769000000004,1.058023,2.0068729585325675,26.625
0.366999,0.44689976923076924,0.785875,9.663945,0.66724,3.3320999999999996,0.23787523076923073,0.33770999999999995,0.136808,0.563158978451067,0.12183735,0.888809090909091,0.578365,1.08321,3.972223932618933,,0.37475499999999995,0.42376591,0.48229268,0.42518923076923076,1.510180701040904,0.923725,1.87329,0.27990023,1.077862,1.9739119757714538,26.875
0.37106399999999995,0.4353349166666666,0.79331,9.93342,0.67127,3.3563,0.23128016666666662,0.36578,0.1365065,0.5486055083840157,0.12469802499999999,0.8897100000000001,0.57895,1.105565,3.8925434776783576,,0.38163,0.429499715,0.483353295,0.41476566666666664,1.494128120473163,0.97485,1.93184,0.273646895,1.0567715,1.9561511669633178,27.125
0.375737,0.46553118181818187,0.84179,10.186350000000001,0.670775,3.4193350000000002,0.24618954545454547,0.360495,0.138924,0.5450640182188417,0.12557426,0.892125,0.590885,1.1466850000000002,3.9270998610895727,,0.386395,0.42456677,0.48833833,0.4364909090909091,1.4922461983203303,0.9945999999999999,1.943705,0.27751165,1.042184,2.0250708735485046,27.375
0.3704305,0.45659454545454553,0.8532700000000001,10.2891,0.67167,3.44337,0.248282,0.34394,0.1389545,0.5670249187491216,0.127806525,0.8687081818181818,0.58138,1.17805,3.8992966452480107,,0.39185,0.42436159,0.5015570149999999,0.42846118181818177,1.479934326940649,0.98292,1.95977,0.28182442,1.0400785,1.9965767263191707,27.625
0.376575,0.4647138,0.800765,10.1113,0.6636200000000001,3.3874600000000004,0.24048980000000003,0.34652,0.13859200000000002,0.5490855725304722,0.12918924,0.8603072727272728,0.5784750000000001,1.09561,3.8356193899368325,,0.392,0.42713861,0.49862009,0.435306,1.4877109175069116,0.98111,1.90945,0.28491946,1.046671,1.9253046575174457,27.875
0.376432,0.473077909090909,0.7929999999999999,10.1232,0.6633100000000001,3.4597800000000003,0.24906190909090908,0.35621,0.1420945,0.5947528949642288,0.125069175,0.907568,0.588,1.0997,4.036606020951939,,0.39198,0.435596475,0.518033465,0.4280389090909091,1.505497036369738,1.00821,1.92065,0.28247121,1.0568925,2.0206597336358896,28.125
0.385929,0.46112,0.77624,10.1343,0.65191,3.3918749999999998,0.24244883333333334,0.36418,0.139453,0.56784977472958,0.12592007,0.8926127272727271,0.59614,1.070265,3.953084509667752,,0.39053499999999997,0.41424891,0.50375708,0.42179000000000005,1.4649651080870016,1.01234,1.8821750000000002,0.28371212,1.028086,1.9942334194347457,28.375
0.37259450000000005,0.44491558333333336,0.73538,10.1439,0.65698,3.3338,0.24047758333333333,0.35763,0.1383025,0.5357320594125512,0.123496235,0.8500190000000002,0.5928800000000001,1.05895,3.7940296267281477,,0.39162,0.41422019,0.517123045,0.41372916666666676,1.4554246642439634,1.0173,1.80857,0.2766939,1.0369410000000001,1.902725431918211,28.625
0.371469,0.4518119166666667,0.751705,10.18355,0.629275,3.359775,0.22790858333333333,0.33898,0.139716,0.5560037850817395,0.11870444,0.8905309090909092,0.58096,1.0662500000000001,3.793483239323558,,0.387705,0.40915234,0.52359188,0.41583675,1.448346116019256,0.9797,1.798035,0.27539178,1.009053,1.921351845249775,28.875
0.37033499999999997,0.47460700000000006,0.7681,10.2424,0.6251399999999999,3.40347,0.24299800000000005,0.32959,0.13561299999999998,0.5590354105083144,0.118484535,1.052603,0.58244,1.10141,3.785326751226475,,0.38691,0.40023221,0.5145108949999999,0.42342810000000003,1.4244387641429979,0.97828,1.85041,0.280080155,1.008222,2.073254508792903,29.125
0.375216,0.4756152222222222,0.816025,10.35355,0.628115,3.4408149999999997,0.23840511111111112,0.35036500000000004,0.143621,0.5435110310467555,0.11774093,0.8672219999999999,0.588535,1.142835,3.7375841447406324,,0.39204,0.40237011,0.52811874,0.42578544444444444,1.4323313494023602,1.005105,1.88814,0.27204949,1.01224,1.9545481814191934,29.375
0.36764399999999997,0.4755626363636363,0.80584,10.4175,0.63081,3.4967,0.24297336363636363,0.34129,0.1391675,0.5857365376508314,0.119735605,0.8848179999999999,0.58686,1.12832,3.889618483131497,,0.37979,0.3984031,0.537675415,0.419975,1.4174009018147697,1.01998,1.91962,0.275421275,1.0051005,1.9705596279029174,29.625
0.357633,0.4612471111111111,0.745195,10.2747,0.6086149999999999,3.4122950000000003,0.23891422222222225,0.35039000000000003,0.143544,0.5481764001988672,0.11350376,0.859665,0.5705899999999999,1.042265,3.759725766019405,,0.382555,0.40017348,0.53007142,0.4250091111111111,1.3957871176321932,1.005265,1.80722,0.26646704,1.01527,1.9262729175470494,29.875
0.35291700000000004,0.4683315454545454,0.7127899999999999,10.2275,0.6148399999999999,3.34229,0.2309139090909091,0.34929,0.1437005,0.5473294734726923,0.116619055,0.856399,0.57873,1.02395,3.727536019799402,,0.39871,0.397263205,0.54706671,0.4047763636363637,1.3851882022705544,1.00023,1.7888,0.271175555,0.994103,1.8612807322196065,30.125
0.354483,0.4665367272727272,0.75754,10.37135,0.62585,3.44552,0.23869909090909092,0.353675,0.142644,0.5485511960420224,0.12484286,0.870547,0.59031,1.053465,3.8438429866751966,,0.403095,0.3995947,0.53753884,0.40738127272727276,1.383875404010825,1.0116399999999999,1.839175,0.26850782,1.001301,1.9646590456575541,30.375
0.353346,0.4646824545454545,0.7105,10.4067,0.63666,3.3779800000000004,0.23705636363636365,0.35163,0.150508,0.5750912169116605,0.11717742,0.8641989999999999,0.61349,1.02221,3.899165312291005,,0.40436,0.40550264,0.54668539,0.4119978181818182,1.3963715585686767,1.03282,1.81916,0.2654817,1.000033,1.9714230591466382,30.625
0.36589649999999996,0.4791161818181818,0.70762,10.4421,0.6148,3.4451400000000003,0.23886290909090907,0.3519,0.14796199999999998,0.5822112191380487,0.117175895,1.064161,0.61027,1.01356,3.842953556817753,,0.40285,0.40011823,0.56572661,0.41760409090909095,1.3993393952761664,1.04066,1.81834,0.26176403,1.0069620000000001,2.2147081713432075,30.875
0.357096,0.45790718181818185,0.70356,10.6763,0.61713,3.4845599999999997,0.22796679999999997,0.34686,0.143467,0.5622633785544878,0.11795999,0.8676011111111112,0.5944799999999999,1.03656,3.797011196786666,,0.41244000000000003,0.4021172,0.55606115,0.4006630909090909,1.3965330257343118,1.0365600000000001,1.808605,0.26111492,0.994434,1.9446937215729692,31.125
0.352638,0.47447322222222216,0.71808,10.7625,0.58372,3.45521,0.22538188888888888,0.35987,0.1474225,0.5474379964481731,0.117227715,0.8502018181818183,0.57257,1.0668799999999998,3.6279200680540473,,0.40477,0.39761037,0.56264625,0.4082898888888889,1.4177742547471668,1.03039,1.8044,0.25320703,0.953851,1.817658278414283,31.375
0.350506,0.4708633,0.7794949999999999,10.8716,0.572055,3.5394050000000004,0.2333015,0.35331500000000005,0.150755,0.5483107797366618,0.11614062,0.8360122222222223,0.57794,1.11313,3.5899840295854215,,0.40444,0.37918926,0.57410841,0.3974584,1.3747135074216084,1.009705,1.882695,0.26018464,0.957519,1.7807480344961304,31.625
0.35009,0.4792217999999999,0.7316600000000001,10.9002,0.5783699999999999,3.4335,0.2313129,0.35564,0.145404,0.5421181330624919,0.11410427000000001,0.830733,0.60318,1.09275,3.5851468660695254,,0.4236,0.379113555,0.5728346799999999,0.40394889999999994,1.360571479822741,1.05279,1.85305,0.256027315,0.9586435,1.8141112302519669,31.875
0.355245,0.47368788888888896,0.70314,11.0444,0.59285,3.49306,0.22758055555555556,0.362375,0.149426,0.5399583642469101,0.12332113,0.8245744444444445,0.5775399999999999,1.10277,3.5456746999056232,,0.41549,0.37647415,0.5988453,0.40467855555555565,1.3421724133038062,1.058415,1.87797,0.25912267,0.94679,1.8399882302515325,32.125
0.358414,0.4938769999999999,0.7299800000000001,11.197849999999999,0.61137,3.430035,0.23048129999999997,0.38099,0.15581699999999998,0.5480236227225029,0.12485494,0.8503355555555555,0.5839,1.08335,3.5145992968403488,,0.4270600000000001,0.37221553,0.620172995,0.40548789999999996,1.3481591789861733,1.14883,1.8718650000000001,0.261997015,0.9602200000000001,1.8748082904511714,32.375
0.365056,0.48702549999999994,0.69272,11.3038,0.60663,3.41333,0.2319458,0.376715,0.156914,0.5451411132660904,0.12484723,0.8483470000000001,0.5984799999999999,1.0821,3.5346418448540233,,0.43206999999999995,0.37221113,0.61975897,0.3919304,1.3245239350946905,1.1467,1.86589,0.27062909999999996,0.965618,1.9072619615472726,32.625
0.3703895,0.4965901818181818,0.69496,11.581,0.6187,3.5075300000000005,0.23723063636363637,0.37926,0.1605915,0.5392858450059581,0.138464815,0.8504055555555556,0.60621,1.0519,3.679447582679335,,0.41856,0.40062728000000003,0.65630632,0.41851636363636363,1.3918313670827855,1.14501,1.8933,0.289899495,0.979955,2.017279133131159,32.875
0.36694,0.4942500000000001,0.6936100000000001,11.72145,0.630795,3.5739,0.2432304,0.3853,0.16883399999999998,0.5468053808442538,0.14065306,0.8539766666666667,0.6065499999999999,1.08228,3.673159646139259,,0.424485,0.39060286,0.64741617,0.4212612,1.3528549873780749,1.148655,1.95766,0.26547169,0.972964,2.044183625685683,33.125
0.383285,0.49276580000000003,0.6087899999999999,11.8343,0.6126199999999999,3.48022,0.23886900000000005,0.37692,0.1672145,0.5751220458898042,0.140574025,0.8531377777777779,0.59764,1.03498,3.575610260241712,,0.4407100000000001,0.388804115,0.676439655,0.410807,1.3223673343884594,1.1687,1.88478,0.273193525,0.9764284999999999,1.9875215362497525,33.375
0.363657,0.49057570000000006,0.6490199999999999,12.0318,0.63057,3.45716,0.24317309999999998,0.39359999999999995,0.16153299999999998,0.5623566113512924,0.12980594,0.844341111111111,0.600415,0.95326,3.5238026455568257,,0.43068,0.37715951,0.63222822,0.4104509,1.3325428859619413,1.21422,1.91369,0.26990354,0.961966,1.9840731237363753,33.625
0.392235,0.5178580909090909,0.778315,12.1478,0.59638,3.716915,0.23693518181818182,0.41247,0.166547,0.5781378160904497,0.141018445,0.8842066666666667,0.59665,1.1661350000000001,3.608383676444793,,0.44456,0.387403075,0.694743225,0.4060613636363637,1.311760813689309,1.20101,2.020185,0.293297175,1.0078360000000002,2.093944202628825,33.875
0.363792,0.5327337777777778,1.1610200000000002,12.1718,0.6141000000000001,3.83185,0.26777666666666666,0.391575,0.159484,0.6014955840619478,0.12498475,0.9415337500000001,0.642835,1.3902,3.6086276556681405,,0.46277999999999997,0.39712267,0.70255317,0.44533588888888886,1.276779673786471,1.225665,2.02891,0.26488137,0.94029,2.0402588494364586,34.125
0.3625515,0.5161216666666667,0.92042,12.3117,0.62692,3.92917,0.236658,0.35583000000000004,0.1620205,0.6309436290967244,0.12969618,0.9242711111111112,0.62644,1.36705,3.6443216250908606,,0.43814,0.371561735,0.6965092799999999,0.4199042222222222,1.2692898789022533,1.19662,2.20821,0.25410336,0.9373400000000001,1.9918980670381385,34.375
0.358989,0.4981997777777778,0.89995,11.9447,0.61998,3.85626,0.23606255555555558,0.37034500000000004,0.167909,0.5890908050590762,0.12706107,0.92569,0.645445,1.21499,3.6649950819306176,,0.4589,0.38319259,0.69057992,0.42391066666666666,1.2143364401631351,1.25007,2.11278,0.27112809,0.939256,1.9674951188578396,34.625
0.326966,0.49337911111111116,0.8076,11.8331,0.57919,3.69086,0.22148766666666664,0.39023,0.136556,0.5781407684623485,0.12403149499999999,0.9559287499999999,0.64675,1.25168,3.6228151723597115,,0.46084,0.38249091,0.703107275,0.386477,1.1806759963705198,1.23026,2.00607,0.26352599000000004,0.93775,1.869919263376248,34.875
