wavelength,flux,sigma
5.24749,0.173040958332216,0.011797
5.27773,0.167941145857319,0.015889
5.30797,0.166689362762229,0.022401
5.33821,0.166236795027851,0.009951
5.36846,0.163892108999742,0.010234
5.3987,0.168938961420616,0.009934
5.42894,0.165507390647443,0.017451
5.45918,0.16372239609935,0.015081
5.48942,0.162752264200655,0.007645
5.51967,0.159869552169176,0.009158
5.54991,0.166136893107762,0.007345
5.58015,0.16283170428169,0.010453
5.61039,0.158456481636835,0.010498
5.64063,0.158080946708308,0.010193
5.67088,0.149884174710656,0.009433
5.70112,0.155976988198485,0.009794
5.73136,0.166166984047548,0.009239
5.7616,0.157096371158517,0.009068
5.79184,0.160561643784249,0.012315
5.82209,0.16177250320123,0.007939
5.85233,0.161947030651987,0.01062
5.88257,0.159448279012175,0.011488
5.91281,0.160601363824767,0.00903
5.94305,0.164507167808963,0.010938
5.9733,0.167855687588327,0.007031
6.00354,0.161139389828137,0.00766
6.03378,0.158549161731375,0.008117
6.06402,0.156595657920481,0.009115
6.09426,0.159321897065074,0.008477
6.12451,0.161366877332917,0.008464
6.15475,0.160122316063377,0.018221
6.18499,0.159004136740936,0.009582
6.21523,0.157530884329024,0.008584
6.24547,0.156753334444959,0.015544
6.27572,0.148495176930144,0.010694
6.30596,0.155411278530512,0.011014
6.3362,0.16273059872401,0.009589
6.36644,0.160870978645247,0.009165
6.39668,0.156979618312148,0.016172
6.42693,0.156306784898537,0.02104
6.45717,0.155659227874347,0.008185
6.48741,0.15976363206113,0.008567
6.51765,0.156717225317216,0.008646
6.54789,0.156919436432576,0.009933
6.57814,0.155803664385319,0.030304
6.60838,0.156163552025157,0.029437
6.63862,0.1602174034331,0.012832
6.66886,0.15060996817829,0.008886
6.6991,0.144326979951015,0.009793
6.72935,0.151504270908724,0.009621
6.75959,0.154875659802325,0.008671
6.78983,0.153668411298118,0.011186
6.82007,0.148437402325755,0.01192
6.85031,0.153799607795585,0.011876
6.88056,0.16041118908532,0.010645
6.9108,0.155481089510815,0.018544
6.94104,0.153845346024059,0.011798
6.97128,0.160306472614866,0.013514
7.00152,0.160795149476987,0.010794
7.03177,0.156104573783177,0.020207
7.06201,0.159172646003737,0.013665
7.09225,0.154565121303735,0.012865
7.12249,0.153657578559796,0.011226
7.15273,0.159794926638507,0.013918
7.18298,0.159022191304808,0.012478
7.21322,0.156699170753344,0.014758
7.24346,0.152378111800103,0.011742
7.2737,0.151084201389314,0.011491
7.30394,0.158668321852927,0.011026
7.33419,0.156546308779232,0.012715
7.36443,0.162214238197285,0.013461
7.39467,0.157879939230539,0.012304
7.42491,0.167675141949612,0.011513
7.45515,0.161937401551256,0.014075
7.4854,0.15774633545789,0.011869
7.57612,0.161441502863586,0.009931
7.6366,0.166514835311472,0.011114
7.69709,0.161333175480357,0.0196
7.75757,0.160920327786496,0.007108
7.81805,0.160124723338559,0.008775
7.87854,0.163018268108362,0.01127
7.93902,0.163103726377354,0.007691
7.99951,0.163889701724559,0.008327
8.05999,0.164205054773514,0.009052
8.12047,0.169957238822967,0.006471
8.18096,0.175342313407034,0.006887
8.24144,0.176719274811632,0.007726
8.30192,0.18018093652459,0.01573
8.36241,0.195853501602626,0.007236
8.42289,0.194354972801293,0.026551
8.48337,0.197005382777626,0.011174
8.54386,0.197957460112449,0.008297
8.60434,0.20253128295989,0.00801
8.66483,0.206516527025122,0.00697
8.72531,0.209505159164647,0.007682
8.78579,0.21366011613027,0.00746
8.84628,0.220506406750335,0.007942
8.90676,0.222731932656893,0.019253
8.96724,0.228325236544277,0.007298
9.02773,0.235742051382681,0.007834
9.08821,0.243823274171555,0.013892
9.14869,0.251252125385873,0.007717
9.20918,0.261421659395882,0.007109
9.26966,0.264005869304686,0.012081
9.33015,0.266958392316469,0.007194
9.39063,0.27155749155333,0.010445
9.45111,0.281943680329797,0.00743
9.5116,0.284401508291501,0.010322
9.57208,0.285751989669088,0.006976
9.63256,0.286637866936381,0.007371
9.69305,0.288133988462531,0.009145
9.75353,0.286939979971831,0.00691
9.81401,0.291478897329121,0.00687
9.8745,0.295190915661097,0.007462
9.93498,0.293433604777606,0.007618
9.99547,0.29543766136734,0.011513
10.004904,0.292132,0.005807
10.012988,0.291548,0.00716
10.021071,0.295842,0.007403
10.029154,0.28339,0.00663
10.037234,0.284363,0.004844
10.045313,0.284908,0.007353
10.053392,0.286596,0.006764
10.061468,0.288242,0.005177
10.069544,0.283487,0.006275
10.077618,0.293894,0.005711
10.08569,0.284957,0.006162
10.093762,0.284818,0.006085
10.101832,0.293327,0.004412
10.109901,0.285622,0.005288
10.118013,0.288772,0.005123
10.12608,0.289277,0.005255
10.134145,0.284093,0.003311
10.142208,0.298115,0.003666
10.15027,0.288549,0.003819
10.158331,0.284439,0.002933
10.16639,0.297421,0.003665
10.174449,0.284431,0.004418
10.182506,0.287827,0.004937
10.190561,0.285846,0.082422
10.198615,0.287743,0.002631
10.206668,0.28496,0.004719
10.21472,0.28404,0.004264
10.222769,0.294291,0.002965
10.230818,0.287059,0.003358
10.238866,0.284332,0.00355
10.246912,0.29498,0.004641
10.254956,0.289805,0.002554
10.263,0.293088,0.003038
10.271043,0.287605,0.002743
10.279083,0.285716,0.004003
10.287123,0.29853,0.003615
10.295161,0.282587,0.00315
10.303198,0.289116,0.004144
10.311234,0.290984,0.006969
10.319268,0.287102,0.00426
10.327301,0.292595,0.003217
10.335333,0.287234,0.006761
10.343363,0.289707,0.006412
10.351392,0.281887,0.006821
10.359468,0.287088,0.00509
10.367495,0.294094,0.008923
10.37552,0.282691,0.00505
10.383543,0.29066,0.005842
10.391566,0.287336,0.005296
10.399588,0.279449,0.006739
10.407607,0.293481,0.004794
10.415627,0.286326,0.002602
10.423643,0.281243,0.004146
10.43166,0.282426,0.003636
10.439674,0.286912,0.001865
10.447687,0.291354,0.00397
10.455699,0.283007,0.007321
10.46371,0.292957,0.00167
10.47172,0.281775,0.002095
10.479728,0.286785,0.00397
10.487734,0.281502,0.002652
10.495739,0.281592,0.003017
10.508369,0.294525,0.092792
10.516876,0.285206,0.007433
10.525383,0.293621,0.007683
10.533886,0.286545,0.008214
10.542389,0.285761,0.005711
10.55089,0.282274,0.00744
10.559389,0.285885,0.007197
10.567888,0.288256,0.029289
10.576385,0.281363,0.008278
10.584881,0.284241,0.007905
10.593374,0.285507,0.006821
10.601867,0.285646,0.008385
10.610357,0.280991,0.006326
10.618847,0.279808,0.006311
10.627336,0.283927,0.008263
10.635822,0.278602,0.006238
10.644308,0.283046,0.007073
10.652792,0.285088,0.006614
10.661275,0.284909,0.005145
10.669756,0.285398,0.004305
10.678236,0.278337,0.004518
10.686714,0.284227,0.005299
10.695191,0.281088,0.003664
10.703667,0.283395,0.004056
10.712141,0.282384,0.004831
10.720613,0.285768,0.0046
10.729086,0.28232,0.005265
10.737556,0.279571,0.004319
10.746024,0.283378,0.004249
10.754491,0.284676,0.005116
10.762957,0.284106,0.004117
10.771421,0.277721,0.004267
10.779884,0.277698,0.004289
10.788345,0.285451,0.00422
10.796806,0.281338,0.003272
10.805264,0.283337,0.004532
10.813723,0.283132,0.004128
10.822178,0.287256,0.003615
10.830633,0.283461,0.00408
10.839087,0.280414,0.003164
10.847538,0.288263,0.00332
10.855988,0.282316,0.002422
10.864437,0.285473,0.003794
10.872885,0.282548,0.004205
10.88133,0.28724,0.005096
10.889775,0.278086,0.002967
10.898218,0.286875,0.002815
10.90666,0.285319,0.003067
10.915102,0.28517,0.002503
10.92354,0.286073,0.002542
10.931978,0.292143,0.002295
10.940414,0.289836,0.002869
10.94885,0.285052,0.003132
10.957283,0.289491,0.002163
10.965715,0.288815,0.003407
10.974146,0.288994,0.003165
10.982576,0.283543,0.002659
10.991004,0.285389,0.00274
10.999499,0.286181,0.007749
11.003922,0.28518,0.005099
11.012907,0.286818,0.004327
11.021891,0.291033,0.003591
11.030873,0.287957,0.005193
11.039854,0.292004,0.003752
11.048836,0.293396,0.004594
11.057814,0.291106,0.00629
11.06679,0.287011,0.006663
11.075765,0.282191,0.006038
11.084738,0.290907,0.003639
11.09371,0.290485,0.004132
11.10268,0.285849,0.006156
11.111649,0.288301,0.005873
11.120616,0.284867,0.004774
11.129582,0.285533,0.005194
11.138546,0.286201,0.004923
11.147509,0.288356,0.006966
11.156471,0.28513,0.005487
11.16543,0.280026,0.005524
11.174389,0.286796,0.005968
11.183346,0.287025,0.004056
11.192301,0.285888,0.006445
11.201254,0.282386,0.005735
11.210207,0.280793,0.005484
11.219158,0.284011,0.006084
11.228107,0.278946,0.00345
11.237055,0.286115,0.007599
11.246002,0.284949,0.004843
11.254948,0.281666,0.005298
11.263891,0.279332,0.002697
11.272833,0.28273,0.004067
11.281773,0.282216,0.003232
11.290711,0.27278,0.004868
11.299648,0.277287,0.004439
11.308584,0.276926,0.003727
11.317518,0.273161,0.004783
11.326451,0.272561,0.004983
11.335382,0.272138,0.00536
11.344313,0.271817,0.00451
11.353241,0.269855,0.00448
11.362167,0.266791,0.003594
11.371093,0.267219,0.010172
11.380016,0.270524,0.003436
11.388939,0.268886,0.00291
11.39786,0.26501,0.002162
11.406779,0.264642,0.002322
11.415697,0.265369,0.00457
11.424613,0.264805,0.002509
11.433529,0.264889,0.002257
11.442442,0.260475,0.002856
11.451353,0.261164,0.002762
11.460264,0.257414,0.002468
11.469173,0.258682,0.00223
11.478081,0.254524,0.004317
11.486986,0.254402,0.002542
11.495892,0.255557,0.002543
11.504794,0.25285,0.002781
11.513696,0.251863,0.00468
11.522596,0.251728,0.002583
11.531494,0.24946,0.002473
11.540392,0.244988,0.002126
11.549287,0.24744,0.003066
11.558182,0.246842,0.002628
11.567074,0.24388,0.002359
11.575966,0.241847,0.004993
11.584855,0.239819,0.007994
11.593743,0.24467,0.002441
11.60263,0.238346,0.002144
11.611515,0.240933,0.002304
11.620399,0.238649,0.002293
11.629282,0.238571,0.002325
11.638163,0.235196,0.00207
11.647041,0.236778,0.130439
11.65592,0.236132,0.002307
11.664797,0.244804,0.003758
11.673672,0.233056,0.003792
11.682545,0.236221,0.119649
11.691418,0.235293,0.002889
11.708624,0.236363,0.004336
11.718117,0.239502,0.00436
11.72761,0.232232,0.006582
11.7371,0.230433,0.005856
11.746588,0.226964,0.042855
11.756075,0.229065,0.005228
11.765561,0.226862,0.005398
11.775045,0.227105,0.005319
11.784528,0.228244,0.004816
11.794008,0.226838,0.005192
11.803488,0.230974,0.0969
11.812965,0.223492,0.004473
11.822443,0.223884,0.003967
11.83192,0.223619,0.003055
11.841393,0.223096,0.004315
11.850864,0.229132,0.004357
11.860332,0.223568,0.005737
11.869801,0.224913,0.002963
11.879268,0.22257,0.003475
11.888732,0.225236,0.003314
11.898195,0.223607,0.002986
11.907658,0.224129,0.002535
11.917116,0.221399,0.013564
11.926575,0.220808,0.003961
11.936031,0.219169,0.003753
11.945487,0.215606,0.003139
11.954941,0.21474,0.00395
11.964392,0.221322,0.004142
11.973843,0.217162,0.00337
11.983292,0.212665,0.004087
11.992739,0.210609,0.002494
12.002184,0.21506,0.003729
12.011629,0.213514,0.003242
12.02107,0.207453,0.002519
12.030512,0.208742,0.00378
12.039951,0.209555,0.00403
12.049389,0.213139,0.003177
12.058825,0.208657,0.003415
12.06826,0.214084,0.003258
12.077692,0.205935,0.003226
12.087124,0.206605,0.00322
12.096554,0.205688,0.003144
12.105982,0.203667,0.002921
12.115408,0.204806,0.003925
12.124834,0.200439,0.002994
12.134256,0.206474,0.003783
12.143679,0.202341,0.0035
12.153099,0.202907,0.00365
12.162518,0.203802,0.106944
12.171936,0.20286,0.003399
12.181351,0.201871,0.002777
12.190764,0.197529,0.00377
12.200177,0.197879,0.002922
12.209588,0.202518,0.002807
12.218998,0.199829,0.003298
12.228405,0.190435,0.004185
12.237811,0.197444,0.003436
12.247215,0.201325,0.003104
12.256618,0.195374,0.003802
12.26602,0.200679,0.004776
12.275419,0.203988,0.004267
12.284819,0.198926,0.003822
12.294215,0.194213,0.006058
12.30361,0.200342,0.085757
12.313004,0.199195,0.004418
12.322395,0.198509,0.10178
12.331787,0.194251,0.004958
12.341175,0.196613,0.004443
12.350563,0.197613,0.004081
12.359948,0.198524,0.003812
12.369333,0.2015,0.003108
12.378716,0.201314,0.004312
12.388096,0.196393,0.002778
12.397476,0.194117,0.00507
12.408842,0.202064,0.005589
12.418926,0.193399,0.003935
12.429008,0.196949,0.002811
12.439085,0.202137,0.004023
12.44916,0.196692,0.003798
12.45923,0.196607,0.004438
12.469302,0.198788,0.00451
12.479371,0.196384,0.00456
12.489439,0.197322,0.003604
12.499504,0.194513,0.003325
12.509567,0.198612,0.003568
12.51963,0.199871,0.003611
12.529691,0.196729,0.003509
12.539749,0.196448,0.003364
12.549807,0.19382,0.033725
12.559862,0.197849,0.003664
12.569916,0.198039,0.003226
12.579967,0.196378,0.003583
12.590017,0.19602,0.003704
12.600065,0.196697,0.005444
12.610113,0.195871,0.003493
12.620158,0.191874,0.041217
12.630201,0.193915,0.00394
12.640244,0.197191,0.005219
12.650288,0.194972,0.003101
12.660331,0.19579,0.003629
12.670367,0.19482,0.003524
12.680403,0.194249,0.003541
12.690435,0.196526,0.005378
12.700466,0.196417,0.002603
12.710497,0.196326,0.001922
12.720524,0.196529,0.00227
12.730551,0.200931,0.08321
12.740576,0.194676,0.043405
12.750599,0.197083,0.002285
12.76062,0.195893,0.002701
12.770639,0.196667,0.002619
12.780657,0.195318,0.003026
12.790674,0.194934,0.031108
12.800688,0.195358,0.002832
12.8107,0.206096,0.002957
12.820712,0.196603,0.0028
12.830721,0.193831,0.003962
12.840729,0.194244,0.003032
12.850735,0.19186,0.003281
12.86074,0.193241,0.002682
12.870743,0.192031,0.003607
12.880743,0.193564,0.00319
12.890743,0.195389,0.003271
12.900741,0.190997,0.003762
12.910736,0.192633,0.004952
12.920731,0.193099,0.001918
12.930723,0.191105,0.00195
12.940714,0.193248,0.002226
12.950704,0.195102,0.002607
12.960691,0.190664,0.002617
12.970676,0.195056,0.002761
12.980661,0.190722,0.002618
12.990644,0.193171,0.003871
13.000625,0.189167,0.00267
13.010603,0.191582,0.002431
13.02058,0.19217,0.029101
13.030557,0.197328,0.002373
13.040531,0.194578,0.013121
13.050504,0.192752,0.003398
13.060474,0.192937,0.003291
13.070444,0.194563,0.002444
13.080411,0.192999,0.002701
13.090377,0.190111,0.002203
13.100341,0.189595,0.002537
13.110304,0.18978,0.002879
13.120264,0.190803,0.002597
13.130223,0.192237,0.002544
13.140181,0.192462,0.003299
13.150137,0.191474,0.002743
13.160091,0.190161,0.003302
13.170043,0.193903,0.082956
13.179994,0.192824,0.00323
13.189943,0.192936,0.004251
13.19989,0.192221,0.00344
13.2003,0.19255,0.002657
13.21104,0.200607,0.00335
13.221781,0.198604,0.003033
13.232518,0.199362,0.003122
13.243254,0.19625,0.003588
13.253986,0.196901,0.002366
13.264719,0.195498,0.003178
13.275449,0.197459,0.003378
13.286178,0.197672,0.004349
13.296904,0.196354,0.002186
13.307629,0.201222,0.003312
13.318352,0.196218,0.00287
13.329072,0.199802,0.003788
13.3398,0.196026,0.002258
13.350525,0.200413,0.002182
13.36124,0.1995,0.002109
13.371954,0.201016,0.001913
13.382666,0.199222,0.002687
13.393375,0.200125,0.132554
13.404084,0.198943,0.041282
13.414791,0.200668,0.076604
13.425495,0.204373,0.002633
13.436197,0.205757,0.06709
13.446898,0.201189,0.002289
13.45741,0.200883,0.001861
13.468107,0.204586,0.002615
13.478803,0.201568,0.002869
13.489496,0.204008,0.012692
13.500188,0.202192,0.002529
13.510878,0.201811,0.00207
13.521565,0.201824,0.002945
13.532251,0.201835,0.002166
13.542935,0.202631,0.002273
13.553618,0.202162,0.002285
13.564299,0.201813,0.00237
13.574978,0.200646,0.003348
13.585655,0.202391,0.002317
13.596331,0.203971,0.002627
13.607004,0.205389,0.00227
13.617676,0.200609,0.002127
13.628345,0.204747,0.002458
13.639013,0.203248,0.001981
13.649488,0.201247,0.002547
13.660152,0.201333,0.002152
13.670815,0.20189,0.07674
13.681476,0.20477,0.002033
13.692135,0.209172,0.002527
13.702791,0.207092,0.002378
13.713448,0.205411,0.002212
13.7241,0.199888,0.002002
13.734752,0.206451,0.002557
13.745401,0.202757,0.002427
13.75605,0.202635,0.002519
13.766697,0.203032,0.002819
13.777341,0.206687,0.002181
13.787984,0.202728,0.002755
13.798624,0.206223,0.003264
13.809263,0.207388,0.003145
13.819901,0.206173,0.003144
13.830537,0.207043,0.00264
13.841171,0.206167,0.002847
13.851803,0.205149,0.002799
13.862432,0.211681,0.089683
13.873061,0.205611,0.002683
13.883688,0.206116,0.002614
13.894313,0.207717,0.002502
13.904936,0.205826,0.003024
13.915558,0.208412,0.005158
13.926176,0.207652,0.002985
13.936794,0.207042,0.00279
13.947411,0.207787,0.002755
13.958025,0.205697,0.002737
13.968637,0.208015,0.002914
13.979248,0.207335,0.003273
13.989857,0.20995,0.00231
14.000463,0.208246,0.002279
14.011068,0.207426,0.002691
14.021673,0.210016,0.002813
14.032274,0.210487,0.00263
14.042875,0.207469,0.002457
14.053473,0.206208,0.002713
14.06407,0.206888,0.002607
14.074664,0.20405,0.009181
14.085257,0.207492,0.003387
14.095848,0.206277,0.002159
14.106438,0.208061,0.002854
14.117025,0.20756,0.002652
14.127611,0.204818,0.00268
14.138195,0.211987,0.003274
14.148778,0.211261,0.002661
14.159359,0.205254,0.002413
14.169937,0.212291,0.002708
14.180515,0.208416,0.003296
14.191091,0.208942,0.002731
14.205001,0.212728,0.003435
14.216478,0.208896,0.00359
14.227953,0.213659,0.004168
14.239426,0.216186,0.004639
14.250896,0.212146,0.004211
14.262365,0.21002,0.00322
14.273833,0.2098,0.004247
14.285313,0.210049,0.003161
14.296789,0.220976,0.004555
14.30825,0.218604,0.002295
14.31971,0.21793,0.002419
14.331167,0.218183,0.002371
14.342623,0.223904,0.002503
14.354076,0.222086,0.002681
14.365528,0.218776,0.002018
14.376977,0.218082,0.003562
14.388425,0.216786,0.002415
14.39987,0.224258,0.002276
14.411314,0.222523,0.003005
14.422756,0.224945,0.002116
14.434196,0.224109,0.002276
14.445634,0.218711,0.002837
14.45707,0.22012,0.00203
14.468504,0.224022,0.002109
14.479937,0.222523,0.006875
14.491125,0.22154,0.002367
14.502553,0.217618,0.002808
14.51398,0.22736,0.002417
14.525404,0.216966,0.002905
14.536826,0.224446,0.002744
14.548246,0.22019,0.002396
14.559665,0.216415,0.092889
14.571081,0.216863,0.002509
14.582496,0.219431,0.090302
14.593908,0.223419,0.081288
14.605075,0.22237,0.008984
14.616484,0.220654,0.002845
14.62789,0.222017,0.059055
14.639295,0.220477,0.00277
14.650697,0.229165,0.002773
14.662098,0.226614,0.002843
14.673496,0.22199,0.003349
14.684894,0.222988,0.002805
14.696289,0.225231,0.002623
14.707682,0.226313,0.002902
14.719073,0.225513,0.003574
14.730462,0.223635,0.00358
14.74185,0.225223,0.002956
14.753235,0.222921,0.002736
14.764618,0.22804,0.003444
14.776001,0.223608,0.003238
14.78738,0.228357,0.002842
14.798758,0.225445,0.003051
14.810133,0.221192,0.002841
14.821507,0.229746,0.00328
14.83288,0.223933,0.003629
14.84425,0.227109,0.002775
14.855618,0.227397,0.003145
14.866984,0.231043,0.003082
14.878349,0.226339,0.00309
14.889711,0.238359,0.003228
14.901073,0.234435,0.002687
14.912432,0.229434,0.002637
14.923788,0.234031,0.002177
14.935143,0.233786,0.002356
14.946496,0.233682,0.003231
14.957848,0.238143,0.002545
14.969196,0.240133,0.00285
14.980544,0.240838,0.002532
14.99189,0.235942,0.002098
15.003233,0.233609,0.002619
15.014575,0.236157,0.002571
15.025915,0.233085,0.00226
15.037252,0.232041,0.002501
15.048589,0.23683,0.002386
15.059923,0.23705,0.002563
15.071256,0.230418,0.003815
15.082586,0.237456,0.003717
15.093915,0.229738,0.003644
15.105242,0.23973,0.003548
15.116566,0.240005,0.002577
15.12789,0.239576,0.005342
15.13921,0.241945,0.003506
15.15053,0.237698,0.002679
15.161847,0.236913,0.00388
15.172903,0.244469,0.004072
15.184216,0.244109,0.004359
15.195528,0.23411,0.004033
15.211985,0.243245,0.003504
15.224035,0.242615,0.004928
15.236382,0.245485,0.003921
15.248726,0.241495,0.003711
15.261067,0.242625,0.003943
15.273407,0.246526,0.00478
15.285789,0.240916,0.003714
15.298124,0.249175,0.004611
15.310159,0.246794,0.004591
15.322489,0.250953,0.00645
15.334818,0.25329,0.00486
15.347145,0.247717,0.004583
15.35947,0.254953,0.004393
15.371793,0.248334,0.004144
15.384113,0.246931,0.003787
15.396431,0.251669,0.16716
15.408748,0.247251,0.004461
15.421062,0.261162,0.003931
15.433374,0.252613,0.003731
15.445684,0.258757,0.004322
15.457993,0.253976,0.003356
15.470299,0.248405,0.003091
15.482602,0.259779,0.004029
15.494904,0.255291,0.003017
15.507204,0.263815,0.00489
15.519501,0.26147,0.003748
15.531797,0.255653,0.003071
15.54409,0.266535,0.004195
15.556381,0.267661,0.00348
15.56867,0.273704,0.003414
15.580958,0.266762,0.00342
15.593243,0.258857,0.003037
15.605526,0.266269,0.003849
15.617499,0.262885,0.003873
15.629778,0.276511,0.003677
15.642055,0.275562,0.003684
15.654329,0.260437,0.003221
15.666601,0.267715,0.003286
15.678919,0.268274,0.003792
15.691188,0.274161,0.002861
15.703454,0.274825,0.003425
15.715718,0.26783,0.003402
15.727981,0.273064,0.003934
15.74024,0.27265,0.004226
15.752186,0.274683,0.004035
15.764441,0.277887,0.003633
15.776695,0.271814,0.004418
15.788947,0.277514,0.003812
15.801196,0.273754,0.003993
15.813444,0.265221,0.049136
15.825689,0.280759,0.003249
15.837933,0.276446,0.003436
15.850174,0.281586,0.003086
15.862413,0.280015,0.004436
15.874651,0.273106,0.003197
15.886887,0.280905,0.003328
15.899118,0.28867,0.003937
15.91135,0.281099,0.003231
15.923578,0.290645,0.003275
15.935806,0.283888,0.003131
15.94803,0.284475,0.002928
15.960254,0.28645,0.003657
15.972475,0.286381,0.002921
15.984694,0.298185,0.00299
15.99691,0.294377,0.002744
16.009125,0.294842,0.003085
16.021339,0.303296,0.004056
16.033548,0.292182,0.002627
16.045757,0.293904,0.002797
16.057964,0.299652,0.003303
16.070168,0.292758,0.00473
16.082371,0.298579,0.003082
16.09425,0.292163,0.003075
16.106398,0.295675,0.025074
16.118593,0.309178,0.00374
16.130787,0.294891,0.004328
16.142979,0.301042,0.003701
16.155169,0.296069,0.003831
16.167356,0.295064,0.004479
16.179543,0.298675,0.004336
16.191727,0.299644,0.004828
16.203583,0.303921,0.004059
16.215763,0.303082,0.003763
16.227942,0.306625,0.004526
16.240116,0.301078,0.00565
16.252291,0.309644,0.004249
16.264462,0.300139,0.004337
16.27663,0.312951,0.005602
16.288799,0.311375,0.005306
16.300964,0.298615,0.005019
16.313128,0.313004,0.005338
16.325291,0.29827,0.005392
16.337448,0.303764,0.005523
16.349606,0.319949,0.005139
16.361763,0.30475,0.005151
16.373917,0.313258,0.004878
16.386066,0.315141,0.005131
16.398216,0.313147,0.005366
16.410364,0.303526,0.004789
16.42251,0.324847,0.140018
16.434654,0.323746,0.006655
16.446796,0.316741,0.005124
16.458935,0.295564,0.07966
16.471073,0.322494,0.005565
16.483208,0.318906,0.005904
16.495316,0.306314,0.006081
16.500284,0.311977,0.027874
16.513622,0.335799,0.114681
16.52696,0.316788,0.00597
16.539913,0.316447,0.004672
16.553246,0.311567,0.005124
16.566574,0.308288,0.005525
16.579903,0.319071,0.005872
16.593227,0.316966,0.005008
16.60655,0.319394,0.006565
16.619871,0.315392,0.005939
16.63319,0.318574,0.006209
16.646505,0.317025,0.005649
16.659821,0.323639,0.006845
16.673134,0.334278,0.008554
16.686478,0.316134,0.005884
16.699787,0.320161,0.007508
16.713127,0.325602,0.004244
16.726429,0.332873,0.003198
16.739731,0.327024,0.003456
16.753031,0.327153,0.065513
16.766327,0.332336,0.004137
16.779621,0.324727,0.005501
16.792912,0.327867,0.004073
16.805811,0.332826,0.003997
16.819098,0.324669,0.004164
16.832382,0.33421,0.004434
16.845665,0.333876,0.005174
16.858946,0.318278,0.005748
16.87183,0.337894,0.005279
16.885105,0.336144,0.005588
16.89838,0.340763,0.005188
16.91165,0.335308,0.00503
16.924919,0.342911,0.004654
16.938185,0.333877,0.004082
16.95145,0.335647,0.004962
16.96471,0.333468,0.005098
16.97797,0.338661,0.004619
16.991228,0.343022,0.004966
17.004484,0.332232,0.003565
17.017738,0.343167,0.005259
17.030989,0.341174,0.004044
17.044237,0.349224,0.118863
17.057484,0.344314,0.003601
17.070728,0.348412,0.004151
17.083969,0.342669,0.009437
17.09721,0.346527,0.007814
17.110449,0.352114,0.003423
17.123684,0.341262,0.004251
17.136917,0.342998,0.003533
17.150148,0.347561,0.003759
17.162975,0.337374,0.03197
17.176201,0.348304,0.004225
17.189426,0.344881,0.004931
17.202648,0.347506,0.004975
17.215868,0.353839,0.005292
17.228682,0.346695,0.005225
17.241896,0.359957,0.004543
17.255108,0.346841,0.004201
17.268318,0.345343,0.005393
17.281528,0.345445,0.005697
17.294735,0.350833,0.006009
17.307938,0.357424,0.005744
17.32114,0.354311,0.005414
17.334339,0.349526,0.03043
17.347538,0.366866,0.005173
17.360733,0.346469,0.004892
17.373928,0.359486,0.004274
17.387117,0.356985,0.003775
17.400307,0.35602,0.004818
17.413494,0.355358,0.00399
17.426678,0.359782,0.00401
17.439861,0.35381,0.003578
17.453041,0.356053,0.003431
17.466219,0.356511,0.00401
17.479393,0.352591,0.00441
17.492569,0.360697,0.00415
17.505741,0.357471,0.004813
17.518496,0.367618,0.006068
17.531662,0.359033,0.00529
17.544827,0.364646,0.005128
17.557989,0.366132,0.005649
17.570734,0.367609,0.005644
17.584309,0.369853,0.006362
17.597466,0.374173,0.007734
17.610161,0.366605,0.005547
17.62331,0.375171,0.007102
17.636417,0.385078,0.008777
17.649565,0.371398,0.006767
17.662708,0.360353,0.005398
17.67585,0.375014,0.007211
17.688992,0.36543,0.006897
17.702129,0.374479,0.005538
17.715267,0.373512,0.00675
17.728401,0.381116,0.005207
17.741531,0.372731,0.004546
17.754662,0.36595,0.005434
17.76779,0.378545,0.005118
17.780914,0.374222,0.006984
17.794039,0.385803,0.004318
17.807159,0.36154,0.00444
17.820278,0.378047,0.004839
17.833397,0.376649,0.00501
17.846512,0.363917,0.004418
17.859623,0.373143,0.005176
17.872734,0.38639,0.004401
17.885843,0.366809,0.004589
17.898523,0.381051,0.006028
17.912579,0.380884,0.004594
17.927101,0.391702,0.005277
17.94162,0.388759,0.005154
17.955647,0.380679,0.007687
17.970161,0.384154,0.005972
17.984673,0.393136,0.007263
17.99918,0.391465,0.00818
18.013195,0.393737,0.006483
18.027699,0.390903,0.005622
18.0422,0.394755,0.005795
18.056698,0.394663,0.006458
18.071194,0.391396,0.005616
18.08569,0.393742,0.005504
18.10018,0.395248,0.006257
18.11467,0.403376,0.008818
18.129154,0.388262,0.006617
18.143639,0.400776,0.006922
18.158121,0.394484,0.006042
18.1726,0.400058,0.006556
18.187077,0.390712,0.007203
18.201611,0.401239,0.007351
18.216084,0.393735,0.007308
18.229994,0.400647,0.008476
18.244579,0.410038,0.005401
18.259045,0.401947,0.005944
18.273506,0.393476,0.007718
18.287966,0.400291,0.008373
18.301922,0.403227,0.007546
18.316376,0.396805,0.006873
18.330826,0.395964,0.006366
18.345276,0.407171,0.005967
18.359724,0.404976,0.004732
18.374168,0.402356,0.005294
18.388611,0.40028,0.006086
18.403051,0.406695,0.005349
18.417488,0.405694,0.004784
18.431923,0.403453,0.003499
18.446358,0.41601,0.004525
18.460787,0.412937,0.004059
18.475216,0.402338,0.004035
18.489643,0.43252,0.149408
18.504065,0.41464,0.006185
18.517977,0.405033,0.006008
18.532394,0.40784,0.006782
18.54681,0.410787,0.00705
18.560713,0.404402,0.005828
18.575123,0.407653,0.006729
18.589531,0.411117,0.006752
18.603937,0.402151,0.00664
18.61834,0.419768,0.008234
18.63274,0.406716,0.007301
18.647141,0.412036,0.006305
18.661537,0.409518,0.007199
18.67593,0.417957,0.158461
18.690323,0.400273,0.005624
18.704712,0.420183,0.006968
18.719097,0.4162,0.005428
18.733482,0.412643,0.003855
18.747864,0.417614,0.004493
18.762245,0.428312,0.004682
18.776623,0.41562,0.004072
18.790997,0.410453,0.005302
18.80485,0.414998,0.00634
18.81922,0.415528,0.005242
18.833588,0.416717,0.007063
18.847431,0.417799,0.006707
18.861794,0.411232,0.007169
18.876154,0.41271,0.006817
18.890511,0.424214,0.0056
18.904869,0.415858,0.006868
18.91922,0.415467,0.00464
18.933571,0.419539,0.005633
18.94792,0.419261,0.005629
18.962265,0.412421,0.004833
18.97661,0.421927,0.003708
18.990952,0.434642,0.004509
19.005291,0.417596,0.005438
19.019627,0.427443,0.006099
19.033962,0.41776,0.005146
19.048294,0.417702,0.005005
19.062626,0.425171,0.005253
19.076885,0.433704,0.120002
19.090614,0.410527,0.007203
19.104935,0.416811,0.006933
19.119255,0.418467,0.005628
19.133574,0.423188,0.006304
19.147888,0.400555,0.006549
19.161669,0.431394,0.006627
19.17598,0.425333,0.006955
19.190287,0.416658,0.007191
19.204592,0.428882,0.006801
19.218895,0.43389,0.006624
19.233196,0.424634,0.007007
19.247496,0.436852,0.007114
19.261791,0.433249,0.005457
19.276085,0.403888,0.006006
19.290379,0.452414,0.007712
19.304668,0.414209,0.00529
19.318954,0.428316,0.006163
19.333241,0.42086,0.006148
19.347523,0.426923,0.006927
19.361803,0.425863,0.004493
19.376081,0.434245,0.00563
19.389816,0.409529,0.026827
19.404089,0.429867,0.009684
19.41836,0.426898,0.009679
19.432629,0.430478,0.006824
19.446754,0.414169,0.008776
19.50325,0.466335,0.005583
19.518805,0.458223,0.002245
19.53434,0.46626,0.003195
19.549858,0.454085,0.180888
19.596104,0.45841,0.002783
19.611557,0.453051,0.003253
19.626993,0.461716,0.00357
19.642414,0.451119,0.00457
19.657818,0.447761,0.006032
19.673204,0.459972,0.007495
19.688576,0.446252,0.011896
19.703907,0.442437,0.017712
19.719246,0.459739,0.006521
19.734364,0.444502,0.095301
19.74967,0.439792,0.00491
19.764961,0.445461,0.004325
19.780235,0.447908,0.003395
19.795492,0.485753,0.286613
19.810734,0.42915,0.004087
19.825962,0.436842,0.007445
19.841171,0.442018,0.006179
19.856365,0.437558,0.002829
19.871544,0.434981,0.002806
19.886707,0.46752,0.003852
19.901833,0.465994,0.064714
19.916962,0.456099,0.007721
19.932079,0.45373,0.002452
19.947178,0.435545,0.004685
19.962263,0.464879,0.153625
19.977333,0.44292,0.004781
19.992386,0.485934,0.27433
20.008863,0.437777,0.002473
20.025791,0.44382,0.00311
20.042702,0.442509,0.003784
20.059589,0.432008,0.034274
20.076458,0.443024,0.050802
20.093309,0.448352,0.00265
20.110138,0.440529,0.008928
20.126949,0.433134,0.035723
20.143742,0.463293,0.014514
20.160515,0.432406,0.004942
20.177267,0.431353,0.004451
20.194002,0.436115,0.004715
20.210716,0.445466,0.005185
20.227413,0.449556,0.003559
20.244089,0.43588,0.00306
20.26075,0.447054,0.005544
20.277388,0.442112,0.095415
20.294008,0.418511,0.212857
20.310612,0.433237,0.006023
20.327194,0.464704,0.00882
20.343758,0.448154,0.003347
20.360306,0.472658,0.204461
20.376833,0.445648,0.002255
20.393341,0.456184,0.002506
20.409834,0.445284,0.002463
20.426308,0.450892,0.001862
20.44276,0.459231,0.003671
20.459198,0.446113,0.011656
20.475616,0.464047,0.02053
20.492018,0.484188,0.186006
20.508394,0.450996,0.002799
20.524755,0.463379,0.001992
20.5411,0.450092,0.004628
20.55743,0.475944,0.271346
20.573742,0.453376,0.003552
20.590034,0.446289,0.12013
20.606308,0.453469,0.011041
20.622566,0.460522,0.001811
20.638807,0.463993,0.003763
20.655029,0.462603,0.004698
20.671236,0.46091,0.004594
20.687424,0.491035,0.157799
20.703594,0.457894,0.003855
20.719749,0.452689,0.011039
20.735886,0.45715,0.212773
20.752007,0.450447,0.008961
20.768108,0.45156,0.002586
20.784195,0.452757,0.004033
20.800255,0.455038,0.205145
20.816305,0.455284,0.020402
20.832336,0.480214,0.145796
20.848354,0.453881,0.017099
20.864357,0.462001,0.003261
20.880341,0.44894,0.002182
20.896196,0.486789,0.00784
20.916592,0.415789,0.010845
20.93466,0.44555,0.016329
20.952705,0.458327,0.002853
20.97073,0.462824,0.003798
20.988731,0.455014,0.004784
21.006714,0.473544,0.289615
21.024673,0.446634,0.00545
21.042614,0.43009,0.012733
21.06053,0.44375,0.00398
21.078426,0.451339,0.005154
21.096302,0.490465,0.01094
21.114159,0.4699,0.005894
21.131992,0.464548,0.036322
21.149807,0.46017,0.003324
21.167599,0.451102,0.124188
21.185371,0.451378,0.010509
21.203125,0.43398,0.005199
21.220856,0.457623,0.307619
21.238565,0.478923,0.12355
21.256256,0.459982,0.002982
21.273926,0.457353,0.002907
21.291576,0.450677,0.005326
21.309208,0.448566,0.021462
21.326817,0.450246,0.003486
21.344406,0.462191,0.006058
21.361977,0.470552,0.25803
21.379528,0.460044,0.252719
21.397058,0.456748,0.003303
21.41457,0.464334,0.003089
21.43206,0.454046,0.002332
21.449532,0.468693,0.292714
21.466984,0.464347,0.269291
21.484417,0.44115,0.1756
21.501829,0.441442,0.006227
21.519222,0.444569,0.043844
21.536598,0.463512,0.00937
21.553953,0.452831,0.003832
21.571289,0.44663,0.003172
21.588608,0.463179,0.284447
21.605904,0.435342,0.093851
21.623184,0.441578,0.003145
21.640446,0.42734,0.048881
21.657686,0.449123,0.006686
21.67491,0.459183,0.007769
21.692114,0.451528,0.003822
21.709299,0.455806,0.011693
21.726467,0.454569,0.013835
21.743614,0.443513,0.006548
21.760746,0.451391,0.006252
21.777857,0.452498,0.236943
21.79495,0.446817,0.005148
21.812023,0.460287,0.056302
21.829079,0.470379,0.002055
21.846117,0.493139,0.030715
21.863136,0.455526,0.020499
21.880138,0.46468,0.00666
21.897121,0.448887,0.112022
21.914089,0.444603,0.002167
21.931036,0.448267,0.017914
21.947966,0.452206,0.002346
21.964878,0.452845,0.028604
21.981773,0.449711,0.002095
21.99865,0.464642,0.002545
22.015511,0.453628,0.009946
22.032352,0.455497,0.002618
22.049175,0.439005,0.004653
22.065983,0.442956,0.015003
22.082771,0.460312,0.004644
22.099541,0.461837,0.004284
22.118357,0.45569,0.003465
22.137482,0.451406,0.024352
22.156586,0.45079,0.004123
22.175667,0.462267,0.235055
22.194725,0.466145,0.232099
22.21376,0.462903,0.009514
22.232773,0.46891,0.006473
22.25176,0.44163,0.003154
22.270729,0.450519,0.252204
22.289673,0.46413,0.2244
22.308594,0.45441,0.00317
22.327494,0.461149,0.104092
22.346371,0.450657,0.02097
22.365229,0.453448,0.006165
22.38406,0.45239,0.003324
22.402872,0.451931,0.010261
22.421661,0.472775,0.005469
22.440428,0.459666,0.005414
22.459175,0.46058,0.00915
22.477898,0.470202,0.004497
22.496599,0.483534,0.006548
22.51528,0.454782,0.10537
22.533939,0.458416,0.008678
22.552576,0.447531,0.014116
22.571192,0.453323,0.004596
22.589785,0.453902,0.006039
22.608356,0.535879,0.014131
22.626909,0.464515,0.11889
22.645441,0.480179,0.007685
22.663952,0.467745,0.008108
22.68244,0.457539,0.004228
22.700909,0.45604,0.184101
22.719357,0.460263,0.003975
22.737782,0.460627,0.002818
22.756187,0.465327,0.008372
22.774574,0.46827,0.014044
22.792938,0.459256,0.189716
22.811283,0.453662,0.235917
22.829607,0.467093,0.004646
22.847912,0.460641,0.011679
22.866194,0.465141,0.003258
22.884457,0.464843,0.012887
22.9027,0.464337,0.132156
22.920925,0.465376,0.049161
22.939127,0.468939,0.004682
22.95731,0.464255,0.003839
22.975473,0.46177,0.005352
22.993618,0.469951,0.001732
23.011742,0.459046,0.013034
23.029846,0.45025,0.065009
23.04793,0.449679,0.01034
23.065996,0.469116,0.005226
23.084038,0.465141,0.007727
23.102062,0.484901,0.012813
23.12007,0.459617,0.00405
23.138056,0.471489,0.019447
23.156025,0.454092,0.065916
23.173971,0.440705,0.104407
23.209812,0.459672,0.004025
23.227703,0.447324,0.013286
23.245575,0.459633,0.004511
23.263428,0.459809,0.006305
23.281263,0.453393,0.005928
23.29908,0.44181,0.003086
23.316879,0.454227,0.196197
23.334652,0.462379,0.006229
23.352413,0.458676,0.00568
23.370152,0.457742,0.005235
23.387875,0.446483,0.005489
23.405579,0.458125,0.011873
23.423264,0.449765,0.059557
23.440933,0.470799,0.016209
23.458582,0.431242,0.077702
23.476212,0.467358,0.228847
23.493828,0.456199,0.137261
23.511419,0.465171,0.006209
23.528996,0.453054,0.01537
23.546551,0.464987,0.0077
23.564093,0.450673,0.22296
23.581615,0.454021,0.005617
23.599121,0.439529,0.005289
23.607841,0.454808,0.03273
23.627974,0.46843,0.004442
23.648083,0.468733,0.063724
23.668167,0.473035,0.237257
23.688229,0.45907,0.002203
23.708265,0.462593,0.007238
23.728291,0.450369,0.009254
23.74828,0.441989,0.069486
23.768255,0.471873,0.004148
23.808121,0.471364,0.113846
23.828022,0.466741,0.007444
23.847897,0.466155,0.178876
23.887581,0.469423,0.008055
23.907387,0.463335,0.015668
23.927174,0.455546,0.012288
23.946926,0.458378,0.007302
23.966667,0.463925,0.048597
23.986374,0.452756,0.01391
24.005835,0.457541,0.007146
24.025743,0.447325,0.019615
24.045395,0.456931,0.005566
24.065023,0.463619,0.245482
24.084629,0.447904,0.012478
24.104214,0.454713,0.003005
24.123533,0.445002,0.15501
24.143074,0.451671,0.261259
24.162592,0.445874,0.002838
24.182087,0.452505,0.159735
24.201563,0.461258,0.005215
24.221016,0.460238,0.005805
24.240448,0.457195,0.042958
24.259859,0.459257,0.011518
24.279249,0.452514,0.020271
24.298616,0.450665,0.004651
24.317965,0.430142,0.002565
24.33729,0.43061,0.002596
24.356596,0.443554,0.176031
24.375881,0.446571,0.00281
24.395144,0.443227,0.036302
24.414387,0.451514,0.003889
24.433609,0.455837,0.242002
24.45281,0.451502,0.003056
24.471992,0.442986,0.002879
24.491133,0.441076,0.005901
24.510271,0.455624,0.007302
24.529388,0.44285,0.156767
24.548487,0.431029,0.01565
24.567566,0.452492,0.220117
24.586622,0.448126,0.006625
24.605661,0.448063,0.006374
24.624678,0.449174,0.008122
24.643677,0.455237,0.007698
24.662655,0.444044,0.003784
24.681612,0.440089,0.006205
24.700268,0.435564,0.007618
24.719185,0.433333,0.214918
24.738369,0.442789,0.168632
24.757227,0.448871,0.005348
24.776085,0.44261,0.006096
24.813454,0.450501,0.019123
24.832253,0.440287,0.011817
24.85103,0.44233,0.00191
24.869793,0.435996,0.165513
24.888535,0.439695,0.00618
24.907257,0.427116,0.002909
24.925961,0.423347,0.003456
24.944633,0.429763,0.002955
24.963287,0.430061,0.036859
24.981934,0.438269,0.00703
25.000559,0.447401,0.005385
25.019165,0.446129,0.176294
25.037756,0.446779,0.005966
25.056326,0.449381,0.006311
25.074879,0.433892,0.028177
25.093414,0.45275,0.212253
25.117496,0.44303,0.005481
25.138977,0.448299,0.008376
25.160435,0.459639,0.005569
25.181866,0.441611,0.054801
25.20327,0.469408,0.133286
25.224651,0.455183,0.034048
25.246006,0.451466,0.003636
25.267338,0.439735,0.01419
25.288645,0.430278,0.019171
25.309925,0.426809,0.003282
25.331184,0.427238,0.008061
25.373196,0.444393,0.011979
25.394377,0.449059,0.22415
25.415535,0.454089,0.003476
25.436668,0.455593,0.035541
25.457777,0.4478,0.003096
25.478863,0.441989,0.006692
25.499926,0.432971,0.016795
25.520962,0.429007,0.003149
25.541977,0.426701,0.034854
25.562523,0.440072,0.021117
25.583488,0.452805,0.154308
25.604431,0.442996,0.007152
25.625349,0.434712,0.003468
25.646244,0.444021,0.0097
25.667114,0.439409,0.009115
25.687962,0.430228,0.179641
25.708788,0.428051,0.003932
25.729589,0.422706,0.207859
25.75037,0.434028,0.003785
25.771126,0.430695,0.029602
25.791859,0.443434,0.007307
25.812569,0.436341,0.00683
25.833227,0.43385,0.0036
25.853861,0.440958,0.004543
25.874504,0.430642,0.002967
25.895123,0.437175,0.003841
25.915718,0.43539,0.212867
25.936293,0.464244,0.197033
25.956844,0.445091,0.002782
25.977375,0.440787,0.002925
25.997883,0.461973,0.006758
26.01837,0.442954,0.002322
26.038834,0.438832,0.014405
26.059277,0.436836,0.002833
26.079697,0.429012,0.004131
26.100096,0.430515,0.007638
26.120472,0.433861,0.199167
26.140827,0.418963,0.09767
26.161163,0.425413,0.004257
26.181477,0.434455,0.00228
26.201736,0.418395,0.006997
26.22197,0.419223,0.199873
26.242218,0.422438,0.205499
26.262444,0.414268,0.002111
26.28265,0.42678,0.003234
26.302834,0.426298,0.00902
26.322996,0.424147,0.00904
26.34314,0.425794,0.003327
26.363262,0.422404,0.09647
26.383362,0.416205,0.003838
26.403442,0.422701,0.003166
26.423504,0.44417,0.118905
26.44351,0.436616,0.003614
26.46349,0.416411,0.020646
26.483488,0.418088,0.053339
26.503464,0.427069,0.003147
26.52342,0.419305,0.006807
26.543358,0.41594,0.003545
26.563272,0.438682,0.002927
26.582659,0.441406,0.005127
26.602533,0.427903,0.005705
26.622389,0.437525,0.171115
26.642153,0.435932,0.004011
26.661966,0.422889,0.01233
26.681759,0.435485,0.004327
26.701532,0.444997,0.003397
26.721287,0.426294,0.015807
26.741022,0.431262,0.166375
26.760738,0.409647,0.003146
26.780436,0.415983,0.152777
26.800112,0.432411,0.157402
26.819695,0.418123,0.00555
26.839331,0.426576,0.005718
26.858948,0.429487,0.041346
26.878546,0.442669,0.016706
26.898125,0.431623,0.005256
26.917685,0.433805,0.00586
26.937227,0.426646,0.005531
26.956751,0.420878,0.003846
26.976175,0.431723,0.006248
26.995659,0.407889,0.01341
27.015123,0.416481,0.007911
27.034569,0.439161,0.021111
27.053995,0.417852,0.002826
27.072863,0.411226,0.158635
27.092253,0.408607,0.002575
27.112087,0.405835,0.004748
27.131439,0.403345,0.148234
27.169538,0.410693,0.007017
27.188835,0.409605,0.003088
27.208115,0.409545,0.003481
27.227924,0.418467,0.020509
27.246532,0.426371,0.011062
27.265755,0.421294,0.006321
27.284958,0.42096,0.007416
27.311363,0.417947,0.194584
27.333836,0.443235,0.00289
27.355576,0.428887,0.075909
27.377995,0.480447,0.08033
27.400391,0.424385,0.003547
27.42276,0.452173,0.004162
27.445105,0.456386,0.003487
27.467424,0.427666,0.179116
27.489719,0.42802,0.156405
27.511272,0.447293,0.043798
27.533518,0.435214,0.005441
27.555737,0.41161,0.010844
27.577934,0.429021,0.007027
27.600105,0.428016,0.211908
27.622253,0.434316,0.05913
27.644377,0.447129,0.178785
27.666477,0.404853,0.002686
27.688553,0.437717,0.00446
27.710602,0.439978,0.003941
27.732632,0.397926,0.012856
27.754637,0.459695,0.217989
27.798502,0.439656,0.004794
27.820358,0.430951,0.198116
27.842266,0.42968,0.024042
27.886015,0.442454,0.002083
27.907854,0.398396,0.1769
27.92967,0.420146,0.005124
27.951464,0.419762,0.107217
27.973236,0.449337,0.006556
27.994984,0.462983,0.004307
28.016708,0.41931,0.011481
28.03841,0.427935,0.002288
28.060091,0.435722,0.003014
28.081749,0.441111,0.008596
28.103384,0.423276,0.19558
28.124081,0.407318,0.006034
28.145666,0.427892,0.006572
28.167992,0.43184,0.142616
28.188774,0.416675,0.01037
28.210295,0.432319,0.002634
28.231794,0.44503,0.169012
28.253271,0.431942,0.004597
28.274727,0.428933,0.002982
28.29616,0.402915,0.003862
28.316801,0.4234,0.033066
28.338964,0.427023,0.024149
28.360168,0.428725,0.005512
28.380737,0.422111,0.004099
28.402061,0.416862,0.171778
28.423361,0.440221,0.002909
28.444641,0.426487,0.003543
28.4659,0.4161,0.002654
28.487139,0.396761,0.002036
28.508356,0.405317,0.005166
28.529552,0.414959,0.003793
28.550644,0.430114,0.005252
28.571711,0.422481,0.01006
28.592842,0.428985,0.007116
28.613953,0.415924,0.00307
28.635042,0.40654,0.024159
28.656113,0.405644,0.063512
28.677162,0.399947,0.003303
28.698193,0.396283,0.005226
28.719202,0.419088,0.027169
28.740013,0.419468,0.080394
28.760979,0.417701,0.09787
28.781923,0.410846,0.004194
28.802849,0.411468,0.004204
28.823757,0.417135,0.003043
28.844643,0.424963,0.165004
28.865509,0.406321,0.004343
28.886356,0.407418,0.003566
28.907,0.423707,0.006849
28.927803,0.455477,0.007098
28.948589,0.422557,0.002531
28.969353,0.410557,0.00226
28.990101,0.381891,0.003598
29.023945,0.461827,0.200576
29.048481,0.435418,0.029216
29.071966,0.387856,0.02818
29.096445,0.398221,0.004521
29.120895,0.435048,0.007174
29.145319,0.420913,0.008504
29.169714,0.415756,0.004711
29.19305,0.429748,0.035252
29.217388,0.41669,0.006065
29.241699,0.432804,0.026541
29.290239,0.406452,0.011613
29.314468,0.418552,0.003901
29.338671,0.436453,0.006058
29.362846,0.437921,0.003516
29.386995,0.426154,0.005834
29.411118,0.418907,0.007345
29.435213,0.440182,0.003576
29.459282,0.432743,0.204273
29.483324,0.414705,0.003209
29.507341,0.441833,0.009517
29.53133,0.438005,0.002826
29.555294,0.418112,0.003425
29.579235,0.404196,0.006657
29.603146,0.403823,0.00782
29.625971,0.422646,0.174819
29.64983,0.413988,0.003163
29.673664,0.436657,0.02572
29.697472,0.414758,0.004065
29.721254,0.410801,0.02822
29.743942,0.414906,0.003821
29.768745,0.408826,0.021276
29.792452,0.400849,0.004516
29.814913,0.422153,0.003238
29.838566,0.474178,0.003304
29.862045,0.448423,0.006322
29.885647,0.420361,0.003576
29.909225,0.420694,0.004615
29.95631,0.423654,0.003124
29.979813,0.405944,0.008803
30.003296,0.402182,0.002625
30.026752,0.411652,0.003228
30.050182,0.410992,0.004736
30.073591,0.414097,0.015594
30.096975,0.403924,0.006038
30.120337,0.392469,0.135932
30.143673,0.406736,0.007789
30.166988,0.407293,0.045557
30.190117,0.423222,0.172634
30.21212,0.386856,0.1238
30.23646,0.393117,0.010086
30.259674,0.40234,0.006676
30.281763,0.424601,0.003672
30.304932,0.411624,0.116277
30.328075,0.402834,0.003028
30.351198,0.412523,0.003377
30.373184,0.407165,0.003004
30.396259,0.410158,0.005313
30.420427,0.396755,0.003259
30.442177,0.396608,0.14648
30.465014,0.398367,0.086349
30.487993,0.418219,0.0042
30.510952,0.429585,0.006948
30.533886,0.43145,0.003527
30.556801,0.388627,0.003794
30.579693,0.383719,0.00276
30.602562,0.416481,0.002142
30.625408,0.397512,0.048245
30.648235,0.415151,0.004151
30.670866,0.409989,0.004853
30.69347,0.426354,0.018664
30.716225,0.43248,0.087923
30.73896,0.400628,0.002185
30.761673,0.407681,0.012531
30.784365,0.540685,0.292101
30.807035,0.399016,0.012947
30.829685,0.3906,0.009512
30.850815,0.419948,0.010173
30.873415,0.408294,0.008873
30.897139,0.447446,0.00558
30.918554,0.422101,0.006785
30.941092,0.391839,0.004842
30.96361,0.394669,0.003506
30.984955,0.371366,0.00261
31.008583,0.367962,0.161052
31.03067,0.398694,0.006413
31.051945,0.401028,0.003805
31.074352,0.402033,0.018329
31.096741,0.378771,0.183754
31.105776,0.380862,0.007584
31.132591,0.419462,0.00938
31.159374,0.394847,0.028434
31.184685,0.468833,0.03706
31.211641,0.391425,0.011895
31.238333,0.403377,0.003089
31.264994,0.38669,0.173615
31.291624,0.420637,0.007043
31.318226,0.414802,0.003958
31.344795,0.424132,0.009854
31.371574,0.414916,0.02011
31.398087,0.371516,0.00872
31.424572,0.462413,0.003836
31.451023,0.408817,0.00894
31.477448,0.370686,0.177593
31.502375,0.396288,0.005126
31.528738,0.402582,0.167029
31.555073,0.387947,0.005479
31.581377,0.411944,0.004426
31.607655,0.375231,0.004867
31.633902,0.397501,0.003759
31.658392,0.412838,0.004345
31.684578,0.389335,0.003896
31.710739,0.386833,0.148571
31.73687,0.414085,0.009418
31.762974,0.411286,0.069912
31.788788,0.434569,0.006369
31.814831,0.409342,0.056858
31.840849,0.406354,0.011039
31.865349,0.408007,0.028456
31.89131,0.403501,0.003826
31.917242,0.39229,0.02491
31.944643,0.391704,0.003555
31.970522,0.375463,0.006428
31.996376,0.406973,0.005145
32.020699,0.406648,0.015046
32.046497,0.395327,0.031767
32.072266,0.394456,0.039463
32.096504,0.439791,0.006003
32.122219,0.40573,0.003169
32.147903,0.387782,0.00312
32.173569,0.387605,0.004348
32.199203,0.411575,0.043683
32.224812,0.413193,0.022301
32.250397,0.409583,0.008904
32.275955,0.402986,0.006709
32.301483,0.429915,0.004608
32.326988,0.417883,0.005523
32.352188,0.390855,0.004507
32.37764,0.400331,0.183816
32.401249,0.419977,0.171057
32.426647,0.396132,0.003348
32.453545,0.39473,0.004907
32.478897,0.392487,0.004668
32.502686,0.398756,0.005045
32.527985,0.405104,0.005484
32.553253,0.382784,0.004721
32.576965,0.392515,0.225288
32.602184,0.394154,0.005425
32.628922,0.399083,0.005025
32.654095,0.373071,0.01868
32.677399,0.375584,0.003733
32.702217,0.392935,0.010039
32.72731,0.405318,0.005719
32.75238,0.399922,0.004984
32.777428,0.430068,0.095099
32.802444,0.427089,0.111799
32.827446,0.400828,0.019911
32.852417,0.422644,0.00252
32.877369,0.416518,0.002677
32.902294,0.411662,0.00802
32.925636,0.399695,0.007476
32.949894,0.406682,0.132794
32.974743,0.419338,0.009296
32.999569,0.469234,0.01991
33.024368,0.434205,0.00797
33.049149,0.448957,0.013435
33.072338,0.407185,0.006436
33.097069,0.422602,0.004915
33.12178,0.398649,0.010665
33.148041,0.426816,0.005077
33.170811,0.415795,0.006908
33.195126,0.441493,0.060312
33.219738,0.382918,0.211374
33.244331,0.433992,0.003986
33.268898,0.403768,0.021615
33.293449,0.415468,0.003789
33.317974,0.391086,0.124849
33.342476,0.426934,0.177896
33.366959,0.435023,0.005875
33.391083,0.438993,0.004894
33.41518,0.38808,0.006375
33.43959,0.390479,0.004998
33.462387,0.391214,0.007229
33.486755,0.427025,0.007646
33.509506,0.470548,0.104779
33.535423,0.412105,0.006097
33.55904,0.402169,0.04714
33.581718,0.401919,0.006955
33.605972,0.353656,0.013961
33.630203,0.432792,0.009894
33.654411,0.413096,0.194788
33.678604,0.396733,0.003948
33.70438,0.371072,0.025885
33.726219,0.450419,0.022018
33.750343,0.422385,0.012113
33.774445,0.374336,0.009997
33.798523,0.397662,0.00598
33.822586,0.393872,0.007274
33.846626,0.425925,0.006778
33.870293,0.388995,0.010978
33.892311,0.40769,0.008407
33.9179,0.435995,0.013466
33.941856,0.432639,0.004424
33.964169,0.374448,0.023537
33.988083,0.412728,0.006498
34.000385,0.515202,0.167317
34.029358,0.41354,0.140798
34.056274,0.569805,0.063122
34.085178,0.419086,0.121075
34.114052,0.393716,0.03393
34.142899,0.404559,0.010616
34.171711,0.427717,0.005491
34.200493,0.435468,0.004789
34.22924,0.42893,0.006594
34.257965,0.40307,0.006253
34.286652,0.428921,0.007497
34.315311,0.441816,0.035873
34.343941,0.414114,0.006766
34.372536,0.410264,0.004311
34.399063,0.417575,0.007686
34.427597,0.425208,0.007349
34.454056,0.423148,0.151658
34.482533,0.415022,0.005213
34.510979,0.449339,0.153013
34.539394,0.412048,0.008445
34.56778,0.470274,0.01725
34.596138,0.443025,0.012856
34.624466,0.445564,0.006806
34.652771,0.424622,0.015387
34.681038,0.404945,0.007537
34.709282,0.382945,0.006199
34.737495,0.382434,0.004731
34.763615,0.397902,0.006374
34.791767,0.374769,0.005297
34.819897,0.438057,0.177783
34.847996,0.374326,0.011861
34.876068,0.379284,0.005414
34.90155,0.374839,0.098001
34.929562,0.409514,0.007505
34.957546,0.368644,0.037896
34.985008,0.360958,0.059733
35.012932,0.446046,0.018089
35.03875,0.428823,0.011161
35.068703,0.382462,0.04568
35.096546,0.396612,0.011653
35.124367,0.418241,0.014476
35.152153,0.368222,0.008611
35.179916,0.438895,0.018132
35.205563,0.384225,0.143953
35.231174,0.382179,0.0187
35.258858,0.371106,0.049028
35.288609,0.359194,0.082495
35.316238,0.411003,0.005679
35.341228,0.458775,0.007291
35.368801,0.398501,0.005819
35.395828,0.410903,0.010312
35.421242,0.434458,0.01287
35.44873,0.427823,0.005221
35.478306,0.381457,0.006859
35.505749,0.412866,0.011689
35.533165,0.497778,0.032521
35.560558,0.383511,0.008242
35.585808,0.398322,0.006054
35.613152,0.345199,0.089383
35.640465,0.388855,0.009332
35.667759,0.399353,0.005183
35.691818,0.398599,0.023522
35.719048,0.413867,0.004866
35.746258,0.337296,0.026544
35.773445,0.392012,0.007445
35.800602,0.405444,0.007501
35.82774,0.56006,0.042254
35.854851,0.41398,0.006761
35.881943,0.367585,0.083831
35.909004,0.414152,0.018385
35.932793,0.383419,0.185589
35.959801,0.390719,0.20579
35.986786,0.421439,0.026513
36.013748,0.374642,0.011899
36.038544,0.402105,0.011038
36.06546,0.394889,0.008929
36.09235,0.396027,0.01895
36.121365,0.352759,0.008157
36.145493,0.370522,0.017211
36.17231,0.411751,0.007611
36.196369,0.373058,0.04851
36.225288,0.401115,0.010565
36.252037,0.379462,0.016987
36.278763,0.387044,0.007369
36.305466,0.37487,0.016157
36.329987,0.39516,0.014638
36.382088,0.514408,0.009918
36.408691,0.40241,0.008685
36.433113,0.371874,0.009462
36.459671,0.371278,0.011851
36.486214,0.328445,0.00581
36.514896,0.371145,0.18968
36.53862,0.592715,0.106332
36.56448,0.401326,0.017514
36.590927,0.31401,0.009339
36.617348,0.48065,0.023681
36.643753,0.352006,0.008028
36.670135,0.341306,0.017702
36.696499,0.341652,0.019686
36.719418,0.289036,0.02007
36.745724,0.293758,0.013498
36.772015,0.237233,0.032588
36.796101,0.379202,0.01963
36.82235,0.32161,0.007664
36.850765,0.370533,0.005927
36.874153,0.51188,0.01041
36.899696,0.449627,0.016992
